:020000040800F2
:10000000C08600202503000897610008DD5700081E
:1000100095610008052900085D84000800000000C3
:100020000000000000000000000000006502000861
:10003000912B000800000000C1020008956600082E
:100040003F0300083F0300083F0300083F03000888
:100050003F0300083F0300083F0300083F03000878
:100060003F0300083F0300083F0300083F03000868
:100070003F030008C92A00083F030008D52A0008EA
:100080003F0300083F0300083F0300083F03000848
:100090003F0300083F0300083F0300083F03000838
:1000A0003F0300083F0300083F0300083F03000828
:1000B0003F0300083F0300083F0300083F03000818
:1000C0003F0300083F0300083F0300083F03000808
:1000D0003F030008518400083F0300083F03000865
:1000E0003F0300083F0300083F0300083F030008E8
:1000F0003F0300083F0300083F0300083F030008D8
:100100003F0300083F0300083F0300083F030008C7
:10011000698100083F030008F96700083F030008F1
:10012000E12A00083F0300083F0300083F030008DE
:100130003F0300083F0300083F0300083F03000897
:100140003F0300083F0300083F0300083F03000887
:100150003F0300083F0300083F0300083F03000877
:100160003F0300083F0300083F0300083F03000867
:100170003F0300083F0300083F03000800000000A1
:100180003F0300083F03000800F002F800F05BF8AE
:100190000AA090E8000C82448344AAF10107DA45E2
:1001A00001D100F050F8AFF2090EBAE80F0013F0D9
:1001B000010F18BFFB1A43F00103184724B20000D7
:1001C00044B20000103A24BF78C878C1FAD8520768
:1001D00024BF30C830C144BF04680C6070470000C1
:1001E0000023002400250026103A28BF78C1FBD840
:1001F000520728BF30C148BF0B60704766290AF01C
:10020000CA86642900F08A81752900F087817829DF
:1002100000F0C081732900F08687002070471FB569
:100220000AF0AFFE00F0C8FF0400002000210AF031
:100230008FF9401C6060002000210AF073F9E06033
:100240001FBD10B510BD01F07DFA1146FFF7E7FFA5
:1002500008F05CFD01F0A4FA03B4FFF7F2FF03BC61
:1002600001F0E8FA2C4B19680868B0E8F04F80F309
:100270000988BFF36F8F4FF0000080F3118870473B
:100280000000000008480068006880F308884FF00C
:10029000000080F3148862B661B6BFF34F8FBFF3DE
:1002A0006F8F00DF00BF00BF08ED00E0DFF80C003B
:1002B000016841F470010160704700BF88ED00E003
:1002C000EFF30980BFF36F8F134B1A681EF0100F06
:1002D00008BF20ED108A20E9F04F106009B44FF0FC
:1002E000500080F31188BFF34F8FBFF36F8F09F079
:1002F000F5FA4FF0000080F3118809BC196808680E
:10030000B0E8F04F1EF0100F08BFB0EC108A80F379
:100310000988BFF36F8F704740000020EFF305801E
:10032000704700000948804709480047FEE7FEE79C
:10033000FEE7FEE7FEE7FEE7FEE7FEE7FEE7FEE795
:1003400004480549054A064B7047000055670008F8
:1003500089010008C0800020C0860020C0820020E3
:10036000C082002053EA020C00F069802DE9F04BB6
:100370004FF00006002B1FBFB3FA83F503FA05F414
:1003800024FA05F65E4012BF1643B2FA82F502FA6D
:1003900005F4C5F120051EBF22FA05FC44EA0C0451
:1003A000203556EA044C4FEA144418BF641C4FF041
:1003B00000084FF00009904271EB030C39D300297B
:1003C00019BFB1FA81F701FA07F6B0FA80F700FA1F
:1003D00007F6C7F120071EBF20FA07FC46EA0C0605
:1003E0002037B6FBF4FCA7EB0507103F07F01F0B07
:1003F000CBF120060CFA0BFB2CFA06F644BFB346F1
:100400000026202FA4BF5E464FF0000B5BEA060CCF
:1004100008BF4FF0010B19EB0B09ABFB027C48EB5B
:100420000608C01B06FB02CC0BFB03CC71EB0C01D6
:10043000C1E70B46024641464846BDE8F08B13B57E
:100440004FF000004FF00001AFF30080BDE81C400A
:10045000704700000FB41CB5074B06AA7B446946E1
:100460000090059800F035FE0020694600F044FE3B
:100470001CBC5DF814FB0000990C000070B504462C
:1004800085690068C10601D5302600E02026C00736
:1004900007D070BDD4E9012130469047206A401C46
:1004A00020626D1EF6D570BD70B504468569007872
:1004B000C00707D170BDD4E9012120209047206AF0
:1004C000401C20626D1EF6D570BD70B50C46054609
:1004D000012A05D02878800600D5EA69002302E0C9
:1004E000012305E05B1C934202D2E05C0028F9D1B5
:1004F000A869E618C01AA861286A18442862284624
:10050000FFF7BCFF04E0D5E9012114F8010B904787
:10051000B442F8D32846FFF7C7FF70BD2DE9F0417C
:100520000646002410687529314616A510D0AFF391
:100530000080002802DA404213A507E031688A07EC
:1005400001D512A502E0490704D511A5012401E057
:10055000AFF3008000210A2206F1240709E0B0FB76
:10056000F2FCB0FBF2F302FB1C003030785418466A
:10057000491C0028F3D123462A463046BDE8F04105
:1005800000F03ABB000000002D0000002B0000002E
:100590002000000070B504460D4621461068AFF3F8
:1005A00000802188090502D50F4A7A4402E00E4AEC
:1005B0007A440E32002104F1240305E000F00F0616
:1005C0000009965D5E54491C0028F7D1207800236D
:1005D000000704D5702D02D009B102231132204644
:1005E000BDE8704000F008BBC6AB00002DE9F05F2D
:1005F000894604464FF0000ADFF874B1FB44C0F8A6
:1006000020A02046E1688847002874D0252806D01D
:10061000D4E901219047206A401C2062F1E70026BE
:100620005F462046E16888472028054607DB312DD4
:1006300005D2781910F8200C08B10643F1E7B0078D
:1006400001D526F00406C4F81CA00027C4F818A0A1
:100650002A2D09D0284608F0BFF938B304EB8708E3
:10066000303DC8F8185019E059F8041B204604EB37
:1006700087029161E1688847012F054618D1E0693A
:10068000002820DA26F020061DE0D8F8180000EB3C
:10069000800005EB40003038C8F818002046E168BB
:1006A0008847054608F098F90028EED1012F0AD0B6
:1006B0002E2D08D12046E16888477F1C0546022F71
:1006C00046F02006C4DBA069002803DA404246F069
:1006D0000106A061F00701D026F010066C2D0BD0AA
:1006E000682D09D04C2D39D06A2D35D0742D35D0D8
:1006F0007A2D33D016E038E0E1682F46204688474F
:10070000B842054609D16C2F26D04FF48060E168CD
:10071000064320468847054604E06C2F1AD04FF464
:10072000807006430DB3A5F14100192802D8203589
:1007300046F400664A462946204626604E46FFF7A4
:100740005DFD80B101280BD0F61D26F0070000F1F9
:10075000080956E74020E4E78020D8E70020D6E7E4
:1007600006F104094DE7284652E7206ABDE8F09FEC
:100770009CAB00000FB400B58DB010A9099000919A
:100780000B904FF0FF300A9000200C900648784400
:100790000690064878446A4607900F9909A800F029
:1007A000DBFC0DB05DF814FBE7090000FF09000059
:1007B0002DE9FF5F1D464FF0FF3B91464FF00008CB
:1007C0005F46D5E90146A96901987F1C8847296AD7
:1007D000824688470028F6D1BAF1FF3F0CD0002EA0
:1007E00024F4C06419DD600614D5BAF12B0F09D0CA
:1007F000BAF12D0F0ED103E0584604B0BDE8F09FCA
:1008000044F48064A96901987F1C8847761E82465B
:10081000002E02DDBAF1300F03D0B9F1000F26D05F
:1008200032E0A969761E01987F1C44F40074884761
:10083000002E824605DDBAF1780F06D0BAF1580FC6
:1008400003D0B9F1000F10D01EE0B9F1000F02D0B3
:10085000B9F1100F18D1A969761E01987F1C24F4F4
:10086000007488478246102002E0082000E00A2039
:10087000814609E0A96908FB0908761E01987F1CDA
:1008800044F4007488478246002E05DD49465046F0
:1008900000F04DFC0028EDDAE96901988847A005D1
:1008A00002D46FF00100A8E7E00725D1600613D558
:1008B000600502D5C8F1000000E0404629680A1D25
:1008C0002A600968220501D5087015E0220701D5C4
:1008D000088011E008600FE02868011D29600068A9
:1008E000210502D580F8008006E0210702D5A0F896
:1008F000008001E0C0F8008038467EE730B505464C
:100900000B462A4613F8014B12F8010B08B1A0421E
:10091000F8D01CB1002802D06D1CF1E7284630BD8C
:1009200040EA010310B59B070FD1042A0DD310C86C
:1009300008C9121F9C42F8D020BA19BA884201D9BE
:10094000012010BD4FF0FF3010BD1AB1D30703D006
:10095000521C07E0002010BD10F8013B11F8014BBC
:100960001B1B07D110F8013B11F8014B1B1B01D1D8
:10097000921EF1D1184610BD10B5431C02E010F8CC
:10098000011B71B18107FAD14FF0013202C88C1AF4
:100990008C4314EAC211F9D0C01A0A0603D0C01E53
:1009A00010BDC01A10BD0A0401D0801E10BD09027E
:1009B000FCD0401E10BD40EA010370B59B072ED14C
:1009C0004FF00136042A2AD308C810C99D1B9D4345
:1009D000121F15EAC61517D0D8B2E1B2401A50EA74
:1009E000056110D198B2A1B2401A50EA05410AD16E
:1009F00023F07F4024F07F41401A50EA052102D1C4
:100A0000180EA0EB146070BDA342DBD018BA21BA57
:100A1000884201D9012070BD4FF0FF3070BD0AB986
:100A2000002070BD10F8013B11F8014B63B1A342E7
:100A30000AD1521E08D010F8013B11F8014B1BB12E
:100A4000A34201D1521EEDD1181B70BD032A40F202
:100A5000308010F0030C00F0158011F8013BBCF160
:100A6000020F624498BF11F801CB00F8013B38BF78
:100A700011F8013BA2F1040298BF00F801CB38BF86
:100A800000F8013B11F0030300F02580083AC0F0A4
:100A9000088051F8043B083A51F804CBA0E808104C
:100AA000F5E7121D5CBF51F8043B40F8043BAFF37F
:100AB0000080D20724BF11F8013B11F801CB48BFD9
:100AC00011F8012B24BF00F8013B00F801CB48BF0F
:100AD00000F8012B704710B5203AC0F00B80B1E848
:100AE0001850203AA0E81850B1E81850A0E8185063
:100AF000BFF4F5AF5FEA027C24BFB1E81850A0E86C
:100B0000185044BF18C918C0BDE810405FEA827C85
:100B100024BF51F8043B40F8043B08BF7047D2079C
:100B200028BF31F8023B48BF11F8012B28BF20F83D
:100B3000023B48BF00F8012B704702F0FF0343EA75
:100B4000032242EA024200F002B84FF000020429F8
:100B5000C0F0128010F0030C00F01B80CCF1040CEC
:100B6000BCF1020F18BF00F8012BA8BF20F8022B20
:100B7000A1EB0C0100F00DB85FEAC17C24BF00F8C6
:100B8000012B00F8012B48BF00F8012B70474FF0F4
:100B9000000200B5134694469646203922BFA0E8CD
:100BA0000C50A0E80C50B1F12001BFF4F7AF0907D9
:100BB00028BFA0E80C5048BF0CC05DF804EB8900CA
:100BC00028BF40F8042B08BF704748BF20F8022B0D
:100BD00011F0804F18BF00F8012B70477047704725
:100BE000704710B500F0ECFA006810BD10B504466F
:100BF00000F0E6FA046010BD2DE9F0470D46994675
:100C00009246044600F124080168880604D5E0698C
:100C100021F01001216000E00120A84201DD471B06
:100C200000E00027A1697A1902EB0900081AA06107
:100C30002078C00602D42046FFF720FC002608E0FA
:100C4000D4E901211AF806009047206A401C761C5E
:100C500020624E45F4DB2078C0060AD52046FFF717
:100C60000DFC06E0D4E9012130209047206A401CA9
:100C70002062381EA7F10107F4DC07E0D4E9012166
:100C800018F805009047206A401C2062281EA5F134
:100C90000105F3DC2046FFF707FC2078000602D5AB
:100CA0000220BDE8F0870120FBE770472DE9FF4FE8
:100CB0000C461E464FF0FF378BB0D2E90001DDF83D
:100CC00060800A908A46C1F30A5505B93D46002165
:100CD00008464FF00000BAF1000F00F4400005DABA
:100CE00000EB80004FF4400101EA50004FEA9059B8
:100CF000B9F1010F00DDB9460A9850EA4A000ED05A
:100D000044F61050A5F2FF3545432F14B8F1000FFB
:100D10001ED07542291E1EDDC9F100021CE0B8F18B
:100D2000010F4FF0000001D0302103E0F24305E055
:100D30002154401CB042FBDB3046002200212154EC
:100D40000B99C1F80880C1E900200FB0BDE8F08F11
:100D5000BD1B6D1CDEE74A4600DA694206A800F0BA
:100D60007BFC06AB93E8070003AB83E80700504623
:100D70000A9900F066FD8DE80700A0F500501F38C5
:100D800000900398002D0ADD42F21F014A460844F4
:100D9000002303A90390684600F0CFFF09E0A0F507
:100DA00000504A461F38002303A90390684600F00C
:100DB000D9FF8DE807000004000C03D04FF0FF308E
:100DC000410800E01046B8F1000F03D00022009265
:100DD00015461EE0751E05D400F0F6F93032625556
:100DE0006D1EF9D5B3460122084302D000227F1CB4
:100DF00004E02078302801D100227F1E002A0997C4
:100E000084D01DE0112D07DA00F0DEF93032625592
:100E10006D1C50EA0102F5D1084302D00098C8B118
:100E20000EE00021681E05E0235C625C63542254DE
:100E3000401E491C8142F7DBAB46A81B401E0990AF
:100E4000002004F80B000B98099AC0F80880C0E94C
:100E5000002B7AE711264FF0000857E72DE9F04FF5
:100E600088460446D21D22F0070191B0D1E9000165
:100E7000CDE90A0107F0F3FA02460B98C00F01D042
:100E80002D2007E02068810701D52B2002E02021DA
:100E900001EAC000032A099001D0072A05DB0346B6
:100EA0004146204600F0DEF90BE12078800601D5AE
:100EB000E06900E00620B8F1650F814606D0B8F180
:100EC000660F18D0B8F1670F70D131E00020B9F18A
:100ED000110F009001DB112301E009F101030AAABF
:100EE00001A90CA8FFF7E2FEDDE90C70002609F16C
:100EF0000105834647E001204B4600904FF0004734
:100F00000AAA01A90CA8FFF7D1FEDDE90DB00C99E2
:100F10005D46002610B909F101000D18B9EB050076
:100F200003D4C0F1FF3609F10105A5EB09002BE060
:100F3000B9F1010F01DA4FF001090020B9F1110FE9
:100F40000090484601DD112300E003460AAA01A9EA
:100F50000CA8FFF7ABFEDDE90C704D46002683467A
:100F6000207800070AD4AB4500DA5D4601A8012DC0
:100F700004DD411911F8011C302907D04F4502DA70
:100F800017F1040F04DA012082460FE06D1EEEE730
:100F9000002F02DCED1B3E4403E0781CA84200DD7C
:100FA0007D1CB81B00F1010A4FF0004720780007B4
:100FB00003D4AA4501DB4FF0FF3A0021B7F1004FFF
:100FC0000DF143088DF8431024D002202B23002F6D
:100FD00001DA7F422D230A21021EA0F1010000DC6C
:100FE0005FB197FBF1FC97FBF1F201FB1C7C17460C
:100FF0000CF1300C08F801CDEEE7A8F10100037008
:101000002188090501D5452100E06521A0F10108ED
:1010100000F8011C09980FA9A1EB0807FF1D00B1FA
:101020000120411901EBEA70A1693844081A401EF9
:10103000A0612078C00602D42046FFF71FFA099865
:1010400028B1D4E901219047206A401C2062207811
:10105000C00622D52046FFF711FA1EE0002E04DB61
:10106000B34502DD01A8805D00E03020D4E9012114
:101070009047206A401C2062761CAAF101005FEABA
:10108000000A0AD100F098F8C0680168405CD4E911
:1010900001219047206A401C2062281EA5F101050D
:1010A000DCDC07E0D4E9012118F8010B9047206A45
:1010B000401C2062381EA7F10107F3DC2046FFF731
:1010C000F3F9032011B041E601694A1C0261087876
:1010D000704700B58FB0CDE9013100210591054978
:1010E0007944CDE9031011466846FFF77FFA0FB047
:1010F00000BD0000E5FFFFFF0A6802F8010B0A606F
:10110000704710B5436913B1AFF3008001E0FFF7FA
:10111000DCF9012010BD127800F124010A700022D0
:101120004A700122EDE711684FF0FF32E9E73A28F3
:1011300000D2303820F02002412A01D3A2F137003A
:10114000884201D34FF0FF3070470000026811441D
:101150001378016018467047D160054979445161A0
:1011600004497944116200211161114600F0BAB8B6
:10117000EDFFFFFFED000000426842B1016811F889
:10118000013B23B1521EC0E90012184670470121ED
:10119000C160881E704742685AB1C368016843B98C
:1011A00083688B4205D0491E521CC0E90012002002
:1011B00070474FF0FF307047004870478080002034
:1011C000004870476080002030B5B0F10A024FEA55
:1011D000900E71F100034EEA817EB0EB0E0061EBE0
:1011E00091014FEA101E4EEA017E10EB0E0041EB1A
:1011F00011114FEA102E4EEA016E10EB0E0041EB7A
:1012000011214FEA104E4EEA014E10EB0E0041EB59
:101210001141401841F100014FEAD00040EA41700D
:101220004FEAD10110EB80054FEA810444EA907443
:1012300044EB01046D1944EB0404521BA3414FF02D
:10124000000348BF0A3200D530BD401C41F1000107
:1012500030BD10B5044600F09BFA0068005D00F058
:10126000010010BD2DE9F0411F4604460326016828
:10127000072A01F4006004DB08B116A505E016A5F5
:1012800003E008B115A500E015A521F010002060CD
:10129000A069C01EA0610FB1401EA0612046FFF7EB
:1012A000EDF84FB1D4E9012138469047206A401C3F
:1012B0002062C01C206206E0206AFAE7D4E901211E
:1012C00015F8010B9047761EF8D22046FFF7ECF890
:1012D000BDE8F0814E414E006E616E00494E460001
:1012E000696E66002DE9F34F4FF0000A0C46564632
:1012F0008DB001200C9001F10C000B9062690B98ED
:1013000001219047051E2DD0252D2CD0216A88471C
:10131000C0B162690B9801219047216A8847002873
:10132000F7D16269411E0B98904700E0761CA169D5
:101330000D988847216A88470028F7D1E1690D9800
:101340008847DBE7A1690D988847A842074601D185
:10135000761CD3E7E1690D9888477F1C02D1BAF16A
:10136000000F6FD06CE162690B9800273D4639464B
:1013700090472A2804D162690B98012190470125E2
:10138000DFF8D08262690B9801219047A0F130010B
:101390000A290AD24745E5DC07EB870100EB410744
:1013A000303FDFD445F01005ECE7E90601D46FF0DB
:1013B00000476C280AD04C2814D0682815D06A2819
:1013C0000DD074281CD07A281AD01DE062690B98C1
:1013D000012190476C2802D045F0040514E045F047
:1013E00002050DE045F020050AE062690B98012135
:1013F0009047682802D045F0080505E045F40065EF
:1014000062690B9801219047C4E9015765283DD0D6
:1014100019DC58287AD00CDC452837D004DC252884
:1014200026D041289ED131E046282FD0472899D197
:101430002CE05B2877D0612828D063287CD06428F2
:1014400023D15AE0F7E06F2848D008DC66281DD089
:1014500067281BD0692821D06E2816D127E0702874
:1014600045D0732868D0752847D078280DD14DE035
:10147000A1690D988847252805463FF469AFE169C1
:101480000D9888476D1C3FF46AAFD9E00D9923464B
:101490006A466FF00100AFF30080C6E045F04000FF
:1014A00023464FF000026060A80736D43EE0E8070C
:1014B0007FF447AF2068011D21600068290501D530
:1014C00006701BE7290701D5068017E7A90703D592
:1014D000F117C0E9006111E706600FE745F0400031
:1014E00023464FF008026060A80716D41EE040F6BD
:1014F0000E0125EA0100606016E045F04000234639
:101500004FF00A026060A80707D40FE045F04000E2
:101510006060A80708D5234610220D996FF00100DE
:10152000AFF3008081E007E0102223460D996FF0B1
:101530000100FFF73DF978E04FF0000963284F46BE
:10154000C8464B46CB4602D05B2807D039E020790D
:10155000C00601D40120A060012732E06269D4F8FE
:101560000CB00B98012190475E2807D14FF001097C
:1015700049466269D4F80CB00B989047216939B993
:1015800000210A4603AB43F82120491C0829FADB55
:10159000D8B3216949B308F1010862690B980121A8
:1015A00090475D28F4D1B9F1000F09D0002003A9BC
:1015B00051F82020D24341F82020401C0828F7DBB6
:1015C00003AB2069002820794FEA40701ED05B46AB
:1015D0002246CDF80080CDE901970D9900286FF0E3
:1015E000010020DAAFF300801FE0C11703AA00EB6F
:1015F000D1614B1121F01F0102EB8302411A1368E4
:101600000120884003431360C7E719E00D99224683
:1016100000286FF00100009702DAAFF3008004E0C9
:10162000AFF3008001E0AFF3008000280ADA401C2D
:1016300006D10C9820B14FF0FF300FB0BDE8F08F0D
:101640005046FAE7E90701D10AF1010A06440020F1
:101650000C9053E6CCCCCC0C2DE9F04781461646D5
:101660008AB0354878440DC88DE80D00324878447A
:10167000801C03AC0DC884E80D0041F69B30084483
:10168000372190FBF1F290FBF1F5A5F1800501FB0C
:1016900012041B3C02D56442012000E00020DFF868
:1016A00098A080460027FA44AAF1BE0A0EE0E0079F
:1016B0000AD03246684607EB470101230AEB810155
:1016C00000F050FB8DE8070064107F1C002CEED169
:1016D000194F7F44AE3F19E0E80715D007EB04101F
:1016E0000DF1180A90E80E008AE80E00C068F0427A
:1016F00001D1981908903246012306A903A800F0E9
:1017000031FB03AB83E807006D10641C002DE3D1AF
:101710004FF0010332466946B8F1000F03A802D02A
:1017200000F00BFB01E000F01DFBC9E90001C9F866
:1017300008200AB0BDE8F087049C0000004870470C
:10174000608000207546FFF7F9FFAE460500694648
:10175000534620F00700854618B020B5FEF7F0FD8F
:10176000BDE820404FF000064FF000074FF00008A2
:101770004FF0000B21F00701AC46ACE8C009ACE823
:10178000C009ACE8C009ACE8C0098D46704700004C
:1017900010B5FFF711FD001D10BD00BFB58D000095
:1017A00010B50446AFF300802046BDE81040FEF7B8
:1017B00053BD00004FF0013C50F8042B51F8043B9E
:1017C0009A4221D1A2EB0C03934313EACC1317D115
:1017D00050F8042B51F8043B9A4215D1A2EB0C03AC
:1017E000934313EACC130BD150F8042B51F8043B6C
:1017F0009A4209D1A2EB0C03934313EACC13DBD03A
:101800004FF00000704700BFD01A01BAB1FA81F161
:1018100001F0180122FA01F0CB40C1F12001DBB246
:10182000C0B2C01A2CFA01F3D11A914311EAC311C4
:10183000E6D1704701491820ABBEFEE72600020042
:1018400070475FEA400C08BF91F0000F4FEA8C230D
:101850004FEAC12243EA51514FEA1C5018BF00F52C
:10186000F0404FEA300018BF41F000415FEA6C5C85
:1018700000F02980BCF1FF3F08BF40F08040704776
:10188000130C06BF12044FF0100C4FF0000C130E97
:1018900004BF12020CF1080C130F04BF12010CF16B
:1018A000040C930F04BF92000CF1020CD30F04BF81
:1018B00052000CF1010C11464FF00002A0F11F0084
:1018C000A0EB0C00704711F0004F08BF704731F0DB
:1018D00000413FF4D5AF0B0C06BF09044FF0100CCC
:1018E0004FF0000C0B0E04BF09020CF1080C0B0F9B
:1018F00004BF09010CF1040C8B0F04BF89000CF12B
:10190000020CCB0F04BF49000CF1010CCCF12003F9
:10191000A0EB0C0022FA03F302FA0CF241EA0301F5
:1019200000F10100704720F07F4C80EA030023F0B3
:101930007F47ACEB070303F57C5300F0004003F155
:10194000FF032DE980494FEA154B09B44FEA1443D0
:1019500025EA0B4E24EA03480FF2042606EB132770
:1019600049083E785FEA320203FB0667C7F50007C5
:1019700007FB06F64FEA54374FEAD64606F1020651
:1019800007FB066CCCF1005C4FEA1C472CEA074CC5
:1019900007FB06F40CFB06F504EB15464FEA96161A
:1019A00034BF00204FF000404FEAD13706FB07FC60
:1019B0004FEA1C4C0CFB0BF7D21B03FB0CF761EB43
:1019C00007010CFB0EF7B0EB074072EB17420CFB64
:1019D00008F734BFA2EB0742B2EB074261EB1741B5
:1019E0004FEA0C444FEA910706FB07FC4FEA1C4CF8
:1019F0000CFB0BF7B0EBC74072EB573203FB0CF755
:101A000034BFA2EBC742B2EBC74261EB57310CFBCC
:101A10000EF7B0EBC70072EB57720CFB08F734BF40
:101A2000A2EBC702B2EBC70261EB5771039F4FEA0B
:101A3000816141EA921104EBCC044FEAD1374FEABD
:101A4000826206FB07FC42EA90124FEA80604FEA8E
:101A50001C4C0CFB0BF7D21B03FB0CF761EB0701D3
:101A60000CFB0EF7B0EB074072EB17420CFB08F7CC
:101A700034BFA2EB0742B2EB074261EB17414FEADA
:101A80008C554FEA910704EB9C2406FB07FC4FEAB8
:101A90001C4C0CFB0BF7B0EBC74072EB573203FB4F
:101AA0000CF734BFA2EBC742B2EBC74261EB573130
:101AB0000CFB0EF7B0EBC70072EB57720CFB08F78C
:101AC00034BFA2EBC702B2EBC70261EB577115EB53
:101AD0004C254FEA816141EA92114FEA82624FEA56
:101AE000D13742EA901206FB07FC44F100044FEAAA
:101AF00080604FEA1C4C0CFB0BF7D21B03FB0CF76E
:101B000061EB07010CFB0EF7B0EB074072EB1742DD
:101B10000CFB08F734BFA2EB0742B2EB074261EBC4
:101B2000174115EB1C154FEA813141EA92414FEA0A
:101B3000823242EA90424FEA80304FEA0C7644F11A
:101B4000000448EA03434EEA0B484FF0000EB2EBA4
:101B5000080C71EB030724BF624639464EEB0E0EAC
:101B60004FF0000B0018524149414BEB0B0BB2EB0D
:101B7000080C71EB03077BF1000B24BF624639466A
:101B80004EEB0E0E4FF0000B0018524149414BEB4B
:101B90000B0BB2EB080C71EB03077BF1000B24BFBE
:101BA000624639464EEB0E0E51EA020718BF46F068
:101BB000010616EB0E7655F1000254F1000103D533
:101BC000BDE88901BDE80088BDE88901BDE800489D
:101BD000B619524141EB0101A3F101037047808026
:101BE0007F7E7D7C7B7A7978777676757473727177
:101BF00071706F6E6E6D6C6C6B6A6A69686867662F
:101C000066656464636362616160605F5F5E5E5DC0
:101C10005D5C5C5B5B5A5A59595858575756565534
:101C200055555454535352525251515050504F4F96
:101C30004F4E4E4D4D4D4C4C4C4B4B4B4A4A4A49E6
:101C40004949484848474747474646464545454429
:101C50004444444343434342424242414141002BB6
:101C60009C4630D477002BD01CB54FEA370703B41D
:101C70004FF010004FF01001BAF1000F06D0BCF188
:101C8000000FDCBF40F0080040F008014FF00000FA
:101C90000FBCBDE810400BF1010BBBF1010F08BFF9
:101CA0005FEA170722BF12F1010211F101014FF0A3
:101CB000004143F1000300F0004043EA0000704798
:101CC000F9D35708D0E746EA064613F1400F4FEA2A
:101CD00016461FDD13F1200FDFBF16430A46002111
:101CE00020335B42BED0C3F1200746EA064602FA23
:101CF00007F74FEA164646EA0706C3F1200722FA1D
:101D000003F201FA07F721FA03F14FF0000342EA68
:101D10000702A7E746EA020646EA06464FEA1646E3
:101D200046EA0106BCBF46EA0646360C4FF0000301
:101D30004FF000024FF0000194E72DE9804C9A46E5
:101D4000934670B491E8380007C831EA400C48BFA8
:101D500034EA430C03D5FFF7E6FDFFF780FFF0BC44
:101D6000BDE8008C2DE9804C9A46934670B491E80A
:101D7000380007C810F0804F08BF13F0804F03D120
:101D800000F005F8FFF76BFFF0BCBDE8008C20F019
:101D90007F4780EA030023F07F4C07EB0C03A3F599
:101DA0007C5300F00040A3F1FE0392F0000F00F01E
:101DB000B38095F0000F00F077802DE901494FEADC
:101DC00011404FEA144621EA004800FB06FC24EAD1
:101DD000064708FB06F607FB08F800FB07F718EBB9
:101DE00006484CEB164C4FEA124B18EB07484FEAEB
:101DF00015464CEB174022EA0B4E0BFB06FC25EA7E
:101E000006470EFB06F607FB0EFE0BFB07F71EEB65
:101E1000064E4CEB164C4FF000061EEB074E4CEBFB
:101E2000174B18EB0B0840F1000018EB0E0B58EBAA
:101E3000000840F100008F1A4FF000013CBFC94379
:101E4000661B14BFB5EB040C00213CBFC943F61B55
:101E50004FEA17444EEA8E0E27EA04454FEA1C4724
:101E600004FB07622CEA074C05FB07F70CFB05F6A1
:101E700004FB0CFC16EB074642EB174216EB0C4634
:101E800042EB1C421BEB060658EB0202414146EABC
:101E90009E0601D5BDE80189B619524141EB010109
:101EA000A3F10103BDE801894FEA14454FEA114748
:101EB00024EA054621EA074C05FB07F406FB07F771
:101EC0000CFB06F105FB0CFC11EB074144EB17443E
:101ED0004FEA124711EB0C4144EB1C4422EA074C39
:101EE00005FB07F206FB07F70CFB06F605FB0CFCEF
:101EF00016EB074642EB174216EB0C4642EB1C452D
:101F00006A1854F1000148BF7047B619524141EBBD
:101F10000101A3F10103704795F0000F37D04FEA9C
:101F200011424FEA144721EA024624EA074C02FB19
:101F300007F106FB07F70CFB06F402FB0CFC14EBA5
:101F4000074441EB17414FEA154714EB0C4441EBB2
:101F50001C4125EA074C02FB07F506FB07F70CFBC3
:101F600006F602FB0CFC16EB074645EB174516EB95
:101F70000C4645EB1C42121951F1000148BF704755
:101F8000B619524141EB0101A3F1010370474FEA39
:101F900014454FEA114724EA054621EA074C05FBA0
:101FA00007F106FB07F70CFB06F24FF0000605FBF6
:101FB0000CFC12EB074241EB174112EB0C4251EBC8
:101FC0001C4148BF7047921841EB0101A3F1010386
:101FD000704710B50146806B026C12F0500F05D0AF
:101FE000026CD20626D501F09FF810BD016C41F4B9
:101FF0000071016401688A6812F0405F17D1027EA7
:10200000AAB9CA6A12F4700F02D08A6852050ED4B7
:102010004A6822F020024A60016C21F48071016458
:10202000016CC90403D4016C41F00101016401F0A9
:1020300079F810BD806BC26CBDE8104008461047AF
:1020400010B5806B40210164416C41F00401416492
:1020500001F06AF810BD10B5806B01F064F810BD96
:10206000464910B54A6822F440324A604A684368DB
:102070001A434A6001684A6822F480724A60016823
:102080004A68036942EA03224A6001684A6822F00A
:1020900040724A6001684A6883681A434A6001686E
:1020A0008A6822F400628A6001688A68C3681A43F9
:1020B0008A60816A6FF07062D14201688A6822F09A
:1020C00070628A6001688A680CD0836A1A438A60E9
:1020D00001688A6822F040528A6001688A68C36A8F
:1020E0001A4301E022F040528A6001688A6822F0B7
:1020F00002028A6001688A68037E42EA43028A60BB
:1021000090F82010002901684A680FD042F400625C
:102110004A6001684A6822F460424A6001684A687D
:10212000174C436A04EB43331A4301E022F4006284
:102130004A600168CA6A22F47002CA620168CA6A07
:10214000838B104C04EB03531A43CA6201688A68FC
:1021500022F400728A6001688A6890F8303042EA9E
:1021600043228A6001688A6822F480628A6001687A
:102170008A68406942EA8020886010BD00230140DF
:1021800000E0FFFF0000F0FF2DE9FE4316460F467A
:1021900005461FE00E2000EAD51040F0A009E8B285
:1021A000C0F5807405F0FF08A64200D2344600F066
:1021B000EDF864200097CDE90140012342464946ED
:1021C000064801F00BFE00F0F9F8281985B2301B23
:1021D000274486B2002EDDD1BDE8FE831404002022
:1021E0002DE9FE4316460F46054623E00E2000EA81
:1021F000D51040F0A00905F00F00C0F1100405F063
:10220000FF08A64200D2344600F0C0F864200097D0
:10221000CDE90140012342464946084801F0DAFE73
:1022200000F0CCF8052007F001FA281985B2301B20
:10223000274486B2002ED9D1BDE8FE8314040020C5
:1022400001224FF47061014801F073BB000C0240A1
:1022500070B586B014216846FEF799FC0F4800243B
:10226000016841F00801016000680D4E00F00800AF
:102270004FF47065059001222946304601F059FB64
:1022800001200095CDE9010469463046039401F030
:102290004BFA04484480047006B070BD30380240E8
:1022A000000C0240FC00002070B50E4D00244FF4DD
:1022B0000C762878C01D00F007002870287806F0FA
:1022C000E7FC142007F0B2F9641CA4B2B442F0D3C6
:1022D00000206880C82007F0A9F9BDE87040FFF72A
:1022E000AFBF0000FC0000204FF4FA72904200D90A
:1022F00010460B4B5A8890425A8805D9801A80B2F2
:102300000A460146012007E0904207D25A88101A77
:1023100080B20A460146002000F004B87047000071
:10232000FC0000202DE9F04116460F4680460025AE
:10233000154C19E02078B8F1010F19D0C01D00F03C
:1023400007002070608810B16088401E608020788F
:1023500006F09EFC4FF47A7106FB01F0B0FBF1F041
:1023600007F064F96D1CADB2BD42E3D3BDE8F08166
:10237000401C00F0070020706088B0F5FA7FE6D2BC
:102380006088401CE2E70000FC0000200448006870
:10239000002803D04FF0FF3107F0CEBD704700009A
:1023A000F800002010B5044C2068002803D101205B
:1023B00007F0C6FB206010BDF8000020044800684C
:1023C000002804D000231A46194607F069BC70475C
:1023D000F800002010B504F03DF8342001F040FF73
:1023E0000C480168CA6822F02002CA60006841698E
:1023F00021F001014161084C0020207010210748A4
:10240000FEF7A3FB6068002803D1012007F098FBCA
:10241000606010BD8804002000010020987F00202B
:1024200070B505464FF4B4700C46814200D904469D
:10243000124E706818B14FF0FF3107F07DFD10218A
:102440000F48FEF782FB0E485521017045708470DD
:10245000210AC1705621C17304F036F808481038BB
:10246000857004807068002806D0BDE870400023A5
:102470001A46194607F014BC70BD00000001002088
:10248000A87F00204021014801F04BBA0010024013
:102490004FF40051014801F044BA00000008024026
:1024A00010B50D4C01461022207800EB800002EBA5
:1024B00080001422FFF794FE2078401CC0B22070E8
:1024C000642801D3002020700122BDE81040024999
:1024D0000020FFF785BE0000F100002001480078D1
:1024E00070470000F100002010B5012208490020CB
:1024F000FFF74AFE06480178642908D300210170DD
:1025000001220146BDE810400020FFF769BE10BD62
:10251000F1000020642807D200EB8000102202EBBB
:1025200080001422FFF730BE7047000070B52C48C1
:102530008CB00024016841F00101016000681421A1
:1025400000F001000A9005A8FEF721FB01254FF4D9
:102550000060CDE90654234E059005A93046089445
:1025600001F0E2F803F06EFF1D491431086840F0F5
:10257000100008600868142100F010000A906846F6
:10258000FEF705FB4FF4C06000900220CDE9010585
:102590000390072004906946304601F0C5F81348BF
:1025A000114901604FF41651C0E901140C21C460B7
:1025B000C0E904418461C46102F028FE00220521C3
:1025C000252001F06BFE252001F05BFE084C206801
:1025D000002803D1012007F0B3FA20600CB070BDD1
:1025E000303802400000024000100140547F0020BB
:1025F000F400002070B5154C0546206818B14FF066
:10260000FF3107F099FC0122D102114801F091F944
:102610002846FEF7B1F982B24FF47A7329460D4885
:1026200002F03EFF0B4800680168C9434906FBD42D
:1026300003F008FF2068002806D0BDE870400023A2
:102640001A46194607F02CBB70BD0000F4000020AC
:1026500000000240547F002010B50024E0B200F0DA
:102660006DF8641C062CF9DB10BD000010B50628BF
:102670000AD200EB4002064800EB820150F822002B
:10268000898801F049F908B1002010BD012010BD72
:102690002CB1000830B51D4887B00024016841F016
:1026A00004010160016801F004010591016841F035
:1026B000080101600068142100F0080005906846D8
:1026C000FEF765FA0120CDE90104114DCDF80C406B
:1026D00004EB440005EB800155F8200089880122B5
:1026E00001F027F9641C062CF2DB4FF470700090A7
:1026F0006946084801F018F84FF4404000906946D8
:10270000054801F011F807B030BD00003038024034
:102710002CB1000800080240000C0240062801D33A
:1027200004A07047044900EB400001EB8000806882
:10273000704700003F3F3F002CB1000806280AD236
:10274000054A00EB400002EB800152F82000898826
:10275000012201F0EEB870472CB1000806280AD219
:10276000054A00EB400002EB800152F82000898806
:10277000002201F0DEB870472CB1000809B1FFF764
:10278000EDBFFFF7DBBF70B50446FF200022312507
:102790000FE0A35C58400023060602D585EA4000FE
:1027A00000E040005B1CDBB2C0B2082BF4D3521C2B
:1027B000D2B28A42EDD370BD1CB500F085F8002876
:1027C00005D00A2006F032FF684600F001F81CBD73
:1027D0007FB5044634A000680390FFF7D7FD642559
:1027E000022303AA88213148009501F061FA10B153
:1027F000FFF7E4FD1EE0102006F018FF062301AAF3
:1028000088212A48009501F063F90028F0D1FFF7EC
:10281000D5FD022101A8FFF7B6FF9DF806108842FA
:1028200008D102210DF10700FFF7ADFF9DF8091057
:10283000884202D0002004B070BDBDF80400DFED76
:102840001C0A40BA00EE100ADFED1A1A1C49B8EE55
:10285000400A80EE201A9FED180A01EE210A84ED4D
:10286000000ABDF8070040BA00EE100AB8EE401AA0
:1028700081EE200ADFED110A20EE200A10EE100A88
:1028800084ED010A884201DDC4ED010A94ED010ADC
:10289000B5EEC00AF1EE10FA03D29FED0A0A84EDFC
:1028A000010A0120C7E700002C06000014040020E4
:1028B00000FF7F4700002F43000034C20000C842E1
:1028C0000000C842000000001CB50CA00068019088
:1028D000FFF75CFD64200090022301AA88210848CC
:1028E00001F0E6F90446FFF769FD022006F09EFEBE
:1028F0000CB100201CBD01201CBD000030A2000056
:1029000014040020FEE7000010EE100A054988427A
:1029100006D810EE100A0449884201DC01207047F5
:1029200000207047000048C20000C84200B595B0C2
:102930001BA0FFF75FFE42F2107006F077FE22A0A8
:10294000FFF758FE78210120FFF76AFD2648012194
:10295000006807F035F81421FA20FFF7C5FCC820FD
:1029600006F064FEFFF76CFC03F07CFE03F038FE1B
:102970009FED1E0A80ED0C0A03F080FE1C48C07813
:1029800008B11CA000E01CA00090FA2378221CA132
:1029900001A8FDF75FFD01A8FFF72CFE15B000BDF3
:1029A0005B494E565D2057616974696E6720666F9A
:1029B000722073656C662D746573742028313073D2
:1029C000292E2E2E0D0A00005B494E565D205365C0
:1029D0006C662D7465737420646F6E652C2072654F
:1029E0006164790D0A0000000801002000007A43AC
:1029F000987F00204F4B00004641494C00000000EA
:102A00005B434F4D505D2053544152542046524534
:102A1000513A2564487A204558563A256420454362
:102A2000484F3A25730D0A0010B500210846FFF7FC
:102A3000F7FC05480121006806F094FFBDE810404E
:102A400002A0FFF7D7BD0000080100205B434F4DF7
:102A5000505D2053544F5020434D443A307830302D
:102A60000D0A000010B50120FFF768FE03484FF47F
:102A700000610068BDE8104006F074BF0801002046
:102A800010B5104C0021206806F06CFF00F0010228
:102A9000C0F3C021C0F3401028B1002911D0BDE817
:102AA0001040FFF7DFBF002AF7D0002909D101202D
:102AB000FFF754FE2068BDE810404FF4006106F0B7
:102AC0007FBF10BD08010020014800F0BBBC000022
:102AD000CC040020014800F0B5BC00002C0500200B
:102AE000014800F0AFBC0000B403002001681823C7
:102AF000CAB2103AB2FBF3F2054B6FF30901032A95
:102B00009B5CC36500D9091D8165084670470000BC
:102B1000D0B0000810B5014600208B698A6A4FF0DA
:102B2000C07453B1B3F5005F15D072B1012A0CD057
:102B3000022A0AD0032A09D104E01AB1012A06D0D8
:102B4000022A03D1C96AC90100D5012010BDC96A92
:102B5000A142FAD010BD002AF7D0012AF2D0022AF1
:102B6000F3D0032AF3D010BD30B50468256825F4EE
:102B700080252560046863608368402B036803D068
:102B800099600068C26030BD9A600068C16030BD65
:102B900070470000044800219FED040A0170416065
:102BA00080ED020A70470000E000002000000000F5
:102BB00070B5484C00252DED028B2078464907283A
:102BC0007ED2DFE800F004070E28304D25000120FA
:102BD00065601CE06068401C60601E2818D30220FD
:102BE00015E014214FF4FA70FFF77EFBC82006F0C1
:102BF0001DFDFFF725FB03F035FD03F0F1FC9FED14
:102C0000370A80ED0C0A03F039FD0320656020705F
:102C1000BDEC028B70BD6068401C60601E28F7D35D
:102C200004206560F3E76068401C60600F28EFD304
:102C300078219FED2B8A012084ED028AFFF7F0FBBB
:102C400028480121006806F0BBFE03F00BFD03F0ED
:102C5000C7FC80ED0B8A03F011FD05206560D6E707
:102C600094ED021AB2EE040ADFED1F0A31EE000AFB
:102C700010EE100A84ED020A88420ADBC4ED020A53
:102C80000620207019488021C5611948006806F0A7
:102C900069FE03F0E7FC03F0A3FC94ED020A80ED6B
:102CA0000B0A03F0EBFC94ED020ABDEC028BBCEEC8
:102CB000C00ABDE8704010EE100A81B2022000E0A8
:102CC00001E0FFF7ADBBBDEC028BBDE87040FFF744
:102CD00061BF0000E00000200000A0430000FA43B4
:102CE0000000F042080100200000A04328800020DE
:102CF0000C0100202DE9F04F604C99B000212068B4
:102D000006F030FE5E4D06460021286806F02AFED9
:102D10000746684603F068FCDFF868A1DFF86891B1
:102D20004FF000089AF801004FF4006B30B3B00682
:102D300024D40220FFF702FD00F0AAF8FFF72AFFD3
:102D40000020FFF70BFD4FF48071206806F038FE7D
:102D50000120FFF703FD5946206806F031FEC9F84F
:102D6000188044464E464021286806F0FBFDF46179
:102D700034628AF8014019B0BDE8F08FC6F3401103
:102D80008AF80110B00651D516F0C00F22D03006D7
:102D900041D5F805EFD58021206806F0E3FD20211C
:102DA000206806F0DFFDC9F8208044464E464FF407
:102DB0008071286806F0D6FDB4614021286806F0CD
:102DC000D1FDFFF7E7FEB4624FF48061286806F09A
:102DD000C9FDD0E700F05CF84021206806F0F0FD66
:102DE000C9F81C808021286806F0BCFD0020FFF790
:102DF000A5FC4FF48071206806F0B4FD0120FFF7B8
:102E00009DFC5946206806F0ADFD0220FFF7A6FCA8
:102E1000FFF7C0FE2EE0FFF7CBFE380603D41B49B8
:102E200015988842A7DB00F041F8A4E77806A2D500
:102E30002021206806F0C4FD00F02AF84021206817
:102E400006F0BEFDC9F81C808021286806F08AFDC6
:102E50000020FFF773FC4FF48071206806F082FDBC
:102E60000120FFF76BFC5946206806F07BFD02202D
:102E7000FFF774FCFFF79CFE7DE7000008010020CF
:102E80000C010020E00000202880002000002041EC
:102E900010B500210846FFF7C3FA03480121006876
:102EA000BDE8104006F05EBD0801002070B50220AC
:102EB000FFF744FC0E4C4021206806F053FDFFF75D
:102EC000E7FFFFF767FE8021206806F079FD094DD6
:102ED000094E00242C624FF48071306806F042FDE8
:102EE000EC613068BDE87040802106F03BBD000019
:102EF00008010020288000200C01002072B6BFF3DA
:102F00004F8F05480168054A01F4E06111430160F3
:102F1000BFF34F8F00BFFDE70CED00E00400FA05A2
:102F200002484FF48071006806F04ABD0801002095
:102F300002484FF48071006806F014BD08010020BB
:102F40002DE9F0411A480021006806F00BFD044607
:102F500018480021006806F005FDDFF85C80064691
:102F6000C4F30025C4F3401798F8000004F00104EE
:102F700034EA000001D000F021F888F8004047B1A1
:102F8000002D13D00020FFF7D9FBBDE8F041FFF77B
:102F9000CFBF002CF4D0002D08D1700506D500203D
:102FA000FFF7DCFBBDE8F041FFF7BABFBDE8F081F9
:102FB000080100200C010020EC0000200449002042
:102FC000886204484FF48061006806F0CBBC0000C2
:102FD000288000200C01002078B50024009490F88F
:102FE0003C20012A19D0012280F83C200A680723DE
:102FF0000568092A13D9EE680A3A02EB42029340A7
:103000009E43EE600B788A680A3B03EB43039A40C9
:103010000368DD682A43DA6010E0022078BD2E697B
:1030200002EB420293409E432E610B788A6803EBC9
:1030300043039A4003681D692A431A614A681F23A3
:10304000072A13D205686E6B521E02EB8202934070
:103050009E436E630B790A885B1E92B203EB830377
:103060009A4003685D6B2A435A6327E005680D2A7E
:1030700012D22E6BD21F02EB820293409E432E632C
:103080000B790A88DB1F92B203EB83039A40036833
:103090001D6B2A431A6311E0EE6A0D3A02EB8202BD
:1030A00093409E43EE620B790A880D3B92B203EB8C
:1030B00083039A400368DD6A2A43DA62164B056887
:1030C000144A9D4206D10D68122D03D1556845F46E
:1030D0008005556005689D4218D10B68102B01D002
:1030E000112B13D1536843F400035360096810296E
:1030F0000CD10A490A4A0968B1FBF2F101EB8101DE
:10310000490000E0491E00910029FBD180F83C40B5
:10311000002078BD00230140002001403C00002039
:1031200040420F0070477047704770B504004FF081
:10313000000503D0206C002610B107E0012070BD0F
:10314000204600F01DF8666484F83C60206CC006E0
:1031500010D4206C20F4885040F0020020642046F7
:10316000FEF77EFF6664206C20F0020040F0010054
:10317000206400E0012584F83C60284670BD000012
:1031800070B586B0064614216846FDF700FD244957
:103190003068884242D123480025016841F480719B
:1031A000016000681F4900F48070143905900868B8
:1031B00040F001000860086800F001000590086810
:1031C00040F0040008600868032400F00400059043
:1031D0008E208DE831006946134800F0A5FA1E20C4
:1031E0008DE831006946114800F09EFA114C1048F4
:1031F000C4E900050015A560C4E903504000606102
:103200008000A0614011C4E907052046656200F016
:10321000E9F908B1FFF772FEB463A66306B070BDAA
:1032200000200140443802400000024000080240F3
:1032300010640240B4030020F8B5044600200E4696
:10324000009094F83C10012907D0012184F83C102B
:1032500021688B68DB0702D011E00220F8BD8B6883
:1032600043F001038B604049404B0968B1FBF3F127
:1032700001EB410100E0491E00910029FBD12168CA
:103280008B68DB0503D58B6823F480738B60216822
:103290008B68DB075DD0236C40F20165AB4343F4E0
:1032A000807323644968490505D5216C21F40051D8
:1032B00041F480512164216CC90404D5616C21F072
:1032C0000601616400E0606484F83C00A16B294859
:1032D000274DC863A16B28480864A16B2748C864C0
:1032E00021686FF0220008602068416841F0806129
:1032F00041602068816841F48071816021681346D3
:1033000032464C31A06B00F0D7F968681C49C00602
:10331000206806D0884224D1816811F0405F13D024
:103320001FE08842F8D0174A904203D1D1F8042315
:10333000D206F1D0144A904213D1D1F8041301F00F
:103340001F011029E8D30CE0816841F080418160C1
:1033500007E0206C40F010002064606C40F0010039
:1033600060640020F8BD00003C00002040420F00D7
:1033700000230140D31F0008572000084120000807
:103380000020014000210140002201402DE9F041D0
:103390000446876D00F0D2FA064694F83500002501
:1033A000022806D08020606584F834500120BDE8F2
:1033B000F0812068016821F01601016020684169F0
:1033C00021F080014161206C08B9A06C20B1206817
:1033D000016821F0080101602068016821F0010105
:1033E00001600CE000F0AAFA801B052807D9202014
:1033F0006065032084F8350084F83450D7E72068EE
:103400000068C007EED194F85C103F208840B86097
:10341000012084F8350084F834500020C7E790F884
:103420003510022903D08021416501207047052114
:1034300080F835100068016821F00101016000206A
:10344000704700002DE9F84304464FF00009CDF81D
:10345000009063484FF41651A56D0068B0FBF1F77A
:103460002E6894F85C10082000FA01F131420FD068
:1034700021680A6852070BD50A6822F004020A6024
:1034800094F85C108840A860606D40F001006065B1
:1034900094F85C104FF0010808FA01F0304208D0AF
:1034A00021684969090604D5A860606D40F00200F2
:1034B000606594F85C1004208840304208D0216890
:1034C0000968890704D5A860606D40F00400606554
:1034D00094F85C1010208840304218D021680968A8
:1034E000090714D5A86020680168490304D500685D
:1034F000000308D5A16C07E00168C90503D4016881
:1035000021F008010160216C09B12046884794F838
:103510005C1020208840304231D021680968C906FB
:103520002DD5A86094F8350005282068016806D0DC
:10353000490347D5006800031DD4616C1CE021F0ED
:10354000160101602068416921F080014161206C11
:1035500008B9A06C20B12068016821F00801016061
:1035600094F85C103F208840A86084F8358084F887
:103570003490216D1FE0E16B09B120468847606DF2
:1035800000282BD0606DC00714D0052084F83500CA
:103590002068016821F0010101600098401C009042
:1035A000B84203D820680068C007F6D184F8358097
:1035B00084F83490E16C002910D001B02046BDE8B9
:1035C000F04308470168C905D5D4016821F010010E
:1035D000016084F8358084F83490CCE7BDE8F88346
:1035E0003C0000202DE9F041044600F0A7F9064612
:1035F0005CB1022084F83500002584F8345020683E
:10360000016821F0010101600DE00120BDE8F081B9
:1036100000F094F9801B052805D92020606503205F
:1036200084F83500F2E720680068C007F0D122680E
:10363000116820480140D4E901031843D4E9033656
:103640003343184363691843A3691843E369184374
:10365000236A18430843616A042903D1D4E90B1390
:1036600019430843106020684069666A20F007012A
:1036700030460E43012704280CD1A06A0643E06AB5
:1036800040B12046FFF746FA20B14020606584F83B
:103690003570BAE7206846612046FFF727FA94F8AC
:1036A0005C203F2191408160656584F83570002081
:1036B000ACE700003F8010F02DE9F0410446866D34
:1036C00090F83400002501280DD0012084F8340042
:1036D00094F835700020012F07D084F834000225BB
:1036E0002846BDE8F0810220FBE7022784F8357008
:1036F00060652046FFF738FA94F85C103F20884058
:10370000B0602068016841F016010160206C20B1B2
:103710002068016841F0080101602068016841F0FB
:1037200001010160DCE700002DE9F84FDFF8BCA1E2
:10373000002201250AF1040B03264FF00F090BF1BB
:10374000040E00BF0B6805FA02F42340A34270D1B7
:103750000F7907F00307012F01D0022F16D18768D8
:103760004FEA420806FA08FC27EA0C07D1F80CC019
:103770000CFA08FC4CEA070CC0F808C04768A743DD
:103780000C79C4F3001494403C4344600C79E44346
:10379000A4070AD0C4684FEA420C06FA0CF7BC43EF
:1037A0008F6807FA0CF72743C7600C7904F003040D
:1037B000022C12D1D40800EB840CDCF8204057070F
:1037C000FF0E09FA07F824EA0804D1F8108008FA75
:1037D00007F848EA0408CCF8208004684FEA420C55
:1037E00006FA0CF7BC430F7907F0030707FA0CF74A
:1037F000274307604C6814F4403F70D03C4C276866
:1038000047F480472760246822F0030704F48044CB
:103810000094384C07EB040CDCF8084897074FEA93
:10382000177809FA08F7BC43334FB84202D1002792
:1038300024E054E0314FB84201D101271EE0304F5F
:10384000B84201D1022719E02E4FB84201D1032717
:1038500014E02D4FB84201D104270FE02B4FB8429E
:1038600001D105270AE02A4FB84201D1062705E019
:10387000284FB84201D1072700E0082707FA08F7C8
:103880002743CCF80878DAF800405746D1F804C04E
:103890009C435FEACC3C00D51C433C60DBF8004015
:1038A0005F46D1F804C09C435FEA8C3C00D51C43C2
:1038B0003C60DEF800407746D1F804C09C435FEAE4
:1038C000CC2C00D51C433C60084F0C373C68D1F829
:1038D00004C09C435FEA8C2C00D51C433C60521C06
:1038E000102AFFF42FAFBDE8F88F0000003C014024
:1038F0004438024000300140000002400004024011
:1039000000080240000C0240001002400014024077
:1039100000180240001C02400069084000D001204D
:103920007047426921EA02030A4043EA0241816189
:1039300070470AB1816170470904FBE7014880685C
:10394000704700003000002070B5040025D094F8C6
:103950003D00002520B984F83C50204600F0D2FB01
:10396000242084F83D002068016821F001010160F5
:103970002068016841F4004101602068016821F479
:103980000041016000F014FE4D4A6168914201D887
:103990004C4900E04C49884201D2012070BD4B499E
:1039A0002368B0FBF1F15E6826F03F060E435E60CF
:1039B0006368934206D94FF4967359434FF47A7370
:1039C000B1FBF3F12368491C1E6A26F03F06314320
:1039D00019626168914210D84900401EB0FBF1F2B3
:1039E000521CC2F30B02042A01D2042022E0B0FBD5
:1039F000F1F0401CC0F30B001CE0A268F2B301EB35
:103A0000C10303EB0116431EB3FBF6F35B1C43F447
:103A100080431B0549D092B301EBC10202EB0111B7
:103A2000401EB0FBF1F0401CC0F30B0040F480409E
:103A300040F400402168CA694CF6FF739A43104372
:103A4000C861D4E9071001432068026822F0C0026F
:103A500011430160D4E9030101432068826848F200
:103A6000FF339A4311438160D4E90501084321687B
:103A7000CA6822F0FF021043C86001E00EE016E0C1
:103A80002068016841F0010101602564202084F86C
:103A90003D00256384F83E50002070BD01EB4106D7
:103AA000431EB3FBF6F35B1CB3E70120C2E701EB57
:103AB0004101401EB0FBF1F0401CC0F30B00B7E722
:103AC000A086010080841E0000093D0040420F00D6
:103AD0002DE9F84F1F4690468A460446DDF82890A7
:103AE000FFF72CFF054694F83D00202875D11923D7
:103AF00001226C492046009502F044F80028F5D1D7
:103B000094F83C00012868D0012084F83C0020682B
:103B10000168C90703D1016841F001010160206813
:103B2000016821F400610160222084F83D0010202A
:103B300084F83E0000262664C4F824806785608DE2
:103B400020855948E0622B464A465146204601F0FE
:103B50005DFE002878D1208D544F68B1012814D023
:103B600002282068016816D041F480610160206855
:103B700041698069009087E020684169816900910E
:103B8000016841F4007101607EE02068016821F461
:103B900080610160F0E721F48061016020680168C4
:103BA00041F40061E2E7032848D801280AD002283E
:103BB00014D04B46002239462046009501F0E2FF22
:103BC000D8BB27E02A464946204602F05AF8A0BB57
:103BD00020680069616A08704DE061E04B46002290
:103BE00039462046009501F0CDFF30BB20680168C2
:103BF00041F40071016020680069616A0870606AC0
:103C0000401C6062218D491E2185618D491E6185A0
:103C100021682EE02068016821F48061016020683D
:103C20000069616A0870606A401C6062208D401EF5
:103C30002085608D401E6085D0E705E02A46494614
:103C4000204602F01EF810B10120BDE8F88F206870
:103C50000069616A0870606A401C6062218D491EBB
:103C60002185618D491E618521684A69D2435207C9
:103C70000AD409690170606A401C6062208D401E90
:103C80002085608D401E6085208D00288BD12020EE
:103C900084F83D0084F83E6084F83C600020D4E75E
:103CA0000220D2E7020010000000FFFF0400010024
:103CB0002DE9F84F1F4690468A460446DDF82890C5
:103CC000FFF73CFE054694F83D0020287FD11923DC
:103CD000012240492046009501F054FF002876D18A
:103CE00094F83C00012872D0012084F83C00206840
:103CF0000168C90703D1016841F001010160206832
:103D0000016821F400610160212084F83D00102049
:103D100084F83E0000262664C4F824806785608D00
:103D200020852D48E0622B464A465146204601F048
:103D3000E3FD90B9206841698069009036E02A4629
:103D40004946204601F0D0FF50B1206C042804D130
:103D50002068016841F4007101600120BDE8F88F1E
:103D6000606A216800780861606A401C6062618D49
:103D7000491E6185218D491E89B2218522685369BA
:103D8000DB435B070BD451B100781061606A401CC3
:103D90006062608D401E6085208D401E20852A4611
:103DA0004946204601F0C8FE0028CED1208D0028CB
:103DB000C5D154F83D0B016841F400710160202029
:103DC00004F81E09E67766770020C7E7FFE70220C0
:103DD000C4E70000020010000000FFFF2DE9FF4FC4
:103DE00083B09A46DDE9119793460446DDF840809A
:103DF000FFF7A4FD054694F83D00202870D1192353
:103E0000012271492046009501F0BCFE0028F5D141
:103E100094F83C00012863D0012084F83C0020681D
:103E20000168C90703D1016841F001010160206800
:103E3000016821F400610160222084F83D004020E7
:103E400084F83E0000262664C4F82480A4F82A9052
:103E5000608D20855D48E062CDE9007553465A4685
:103E60002046049901F096FD00287CD1208DD0B128
:103E7000012821D00228206824D04169806900905F
:103E8000208D032869D801282BD0514902283B46B0
:103E90004FF00002009559D08846204601F072FE8E
:103EA000002860D13CE02068416981690091016887
:103EB00041F40071016077E02068016821F48061BD
:103EC0000160F0E7016821F4806101602068016809
:103ED00041F400610160206841698069009063E0FD
:103EE0006FE02A463946204601F0CBFE98BB206899
:103EF0000069616A08704EE02068016841F4007151
:103F0000016020680069616A0870606A401C606234
:103F1000218D491E2185618D491E6185216838E00A
:103F20002068016821F48061016020680069616A8D
:103F30000870606A401C6062208D401E2085608D84
:103F4000401E60853B46002241460095204601F018
:103F500019FE00B9D0E706E0FFE72A4639462046B9
:103F600001F08FFE18B1012007B0BDE8F08F206886
:103F70000069616A0870606A401C6062218D491E98
:103F80002185618D491E618521684A69D2435207A6
:103F90000AD409690170606A401C6062208D401E6D
:103FA0002085608D401E6085208D00287FF468AFDD
:103FB000202084F83D0084F83E6084F83C600020B6
:103FC000D2E70220D0E70000020010000000FFFF4F
:103FD000040001002DE9FF4F83B09A46DDE91197F7
:103FE00093460446DDF84080FFF7A8FC054694F8A8
:103FF0003D0020287FD11923012240492046009509
:1040000001F0C0FD002876D194F83C00012872D060
:10401000012084F83C0020680168C90703D10168C9
:1040200041F0010101602068016821F40061016034
:10403000212084F83D00402084F83E0000262664BC
:10404000C4F82480A4F82A90608D20852C48E06272
:10405000CDE9007553465A462046049901F018FDF3
:1040600070B930E02A463946204601F03DFE58B18D
:10407000206C042804D12068016841F400710160BB
:10408000012007B0BDE8F08F606A21680078086100
:10409000606A401C6062218D491E89B22185628D53
:1040A000521E628522685369DB435B070BD469B1FA
:1040B00000781061606A401C6062208D401E20857F
:1040C000608D401E6085208D0028CBD12A46394660
:1040D000204601F031FD0028CAD154F83D0B01689B
:1040E00041F400710160202004F81E09E67766772C
:1040F0000020C6E7FFE70220C3E70000020010002F
:104100000000FFFF10B586B0044614216846FCF796
:104110003EFD14492068884221D1134800210268DD
:1041200042F002020260006800F0020005904FF4C5
:10413000407000901220CDE901010320039004207B
:10414000049069460948FFF7EFFA07481030016804
:1041500041F400110160006800F40010059006B001
:1041600010BD0000005400403038024000040240FE
:104170000248816802781144816070473000002055
:104180000B4810B5016841F400710160016841F409
:1041900080610160016841F480710160032000F0DA
:1041A0009DF80F2000F006F800F03EF8002010BD4A
:1041B000003C024010B5014688B00022362000F0D5
:1041C0006DF8362000F05DF813480024016841F0D6
:1041D00010010160006805A900F010000690684613
:1041E00000F0C6F900F0E4F90C494000B0FBF1F131
:1041F0000C480B4A491E026040F2E732C0E9032432
:10420000C0E9011400F09BFD10B1012008B010BD01
:10421000044800F0C3FDF9E74038024040420F0077
:10422000001000408C0500200C4882B0016841F469
:1042300080410160006800F4804000900748001F42
:10424000016841F0805101600068002200F0805058
:1042500000900F21901E02B000F020B844380240B8
:1042600000280DDB00F01F02012191404009800071
:1042700000F1E020C0F88011BFF34F8FBFF36F8FC4
:104280007047002809DB00F01F020121914040091E
:10429000800000F1E020C0F800117047F0B40E4B30
:1042A0001B680C46C3F30223C3F10705042D00D994
:1042B0000425191D072901D2002300E0DB1E012679
:1042C00006FA05F1491E214099409E40761E16408F
:1042D0003143F0BC04F0DBB80CED00E0064900F01F
:1042E000070208684FF6FF03184040EA0220034A1D
:1042F00010430860704700000CED00E00000FA0574
:104300002DE9F843054600684FF00109C1074FF059
:10431000000601D1400727D5DFF80C81C8F8686096
:10432000FFF70CFB0746414C05E000BFFFF706FB1B
:10433000C01B022857D820680001F7D468688101A3
:10434000287A41EA0070394984310860C8F86890D9
:10435000FFF7F4FA074604E0FFF7F0FAC01B022863
:1043600041D820680001F7D52878800752D52F481A
:104370004030016841F08051016000682C4C00F031
:1043800080500090206840F480702060FFF7D6FADB
:10439000074604E0FFF7D2FAC01B022823D82068A2
:1043A000C005F7D5214C7034206810F4407020D03F
:1043B000A98901F4407181421BD020681D4920F475
:1043C0004070C1F800900E6020602068C00710D0D7
:1043D000FFF7B4FA064641F2883707E0FFF7AEFA76
:1043E000801BB84202D90320BDE8F883206880070B
:1043F000F4D5E9680D48C1F301220830032A0BD037
:10440000016821F4F81101602068A989C1F30B014A
:10441000084320600020E7E70268074B22F4F81207
:1044200019400A430260EFE70000474200380240AB
:1044300000700040400E4742FFFCFF0F2DE9F0479F
:104440000E46050065D0DFF81481D8F80000F7B2F9
:1044500000F00700B04207D288F80070D8F80000DA
:1044600000F00700B04254D128683D4C810712D5B6
:10447000400703D5206840F4E0502060287800070A
:1044800003D5206840F4604020602068A96820F0CF
:10449000F000084320602878C0072DD030496868B4
:1044A0000839012812D0022813D0032811D0096836
:1044B000890700292DDA216821F0030101432160D9
:1044C000FFF73CFA814641F2883A0EE00968890319
:1044D000EFE709688901ECE7FFF730FAA0EB090183
:1044E000514502D90320BDE8F0872068696800F0D3
:1044F0000C00B0EB810FEFD1D8F80010404601F06E
:104500000701B14207D90770006800F00700B04208
:1045100001D00120E7E72878400705D52068E96841
:1045200020F4E050084320602878000706D5206872
:10453000296920F4604040EAC100206000F058F88A
:104540002168084AC1F30311515CC840064908605C
:1045500006480068FFF72EFE0020C4E7003C02403A
:1045600008380240D8B000083C0000203400002089
:104570000F2202600C4A136803F0030343601368C0
:1045800003F0F0038360136803F4E053C360126820
:104590004FF4E05303EAD20202610448006800F0DD
:1045A000070008607047000008380240003C0240E5
:1045B0000448054900680968044AC1F38221515C36
:1045C000C84070473C00002008380240E8B00008AE
:1045D0000448054900680968044AC1F34231515C46
:1045E000C84070473C00002008380240E8B000088E
:1045F000154810B5006810F00C02144813D0411093
:10460000042A0FD0082A0ED10F4C241F22682368D9
:1046100002F03F025B0207D52068C0F38810A0FBC0
:10462000010106E0084610BD2168C1F38811A1FB15
:1046300000010023FBF796FE2168C1F30141491CEC
:104640004900B0FBF1F010BD083802400024F4002E
:104650002DE9F84F04006ED02078DFF84C93C007A6
:10466000A9F104054AD009F104000168C1F38101F0
:10467000012908D00068C0F3810002280AD1D9F8C6
:104680000000400206D52868800337D560680028FE
:10469000E1D033E06068B0F5803F10D0B0F5A02FD6
:1046A000286810D020F480302860286820F480200A
:1046B00028606068A8B1FFF741F906460DE0286858
:1046C00040F48030F4E740F480202860F7E700BF32
:1046D000FFF734F9801B642873D828688003F7D566
:1046E0000CE0FFF72BF9064605E000BFFFF726F9BF
:1046F000801B6428F0D828688003F7D42078DFF87E
:10470000AC8280074FF0000A3ED5A748001D016823
:1047100011F00C0F08D00068C0F3810002280BD103
:10472000D9F80000400207D42868800716D5E06851
:10473000012800D112E033E1E068B8B10120C8F8E7
:104740000000FFF7FBF8064605E000BFFFF7F6F8AC
:10475000801B0228C0D828688007F7D528682169FF
:1047600020F0F80040EAC10028600DE0C8F800A081
:10477000FFF7E4F8064604E0FFF7E0F8801B0228A4
:104780001FD828688007F7D42078000722D5864FE5
:1047900087486169703771B101210160FFF7CEF878
:1047A000064604E0FFF7CAF8801B022809D83868DB
:1047B0008007F7D50EE0C0F800A0FFF7BFF8064667
:1047C00005E082E0FFF7BAF8801B02287DD8386840
:1047D0008007F7D42078400768D5DFF8CCB10027F0
:1047E0000BF13C0BDBF80000C0000BD4DBF8001031
:1047F00041F08051CBF80010DBF80000012700F0F9
:10480000805000906B4E3068C00510D4306840F482
:1048100080703060FFF792F8009005E0FFF78EF8A7
:104820000099401A022850D83068C005F6D55E4E6F
:10483000A0686C3601280FD00528306810D020F011
:1048400001003060306820F004003060A068B8B12A
:10485000FFF774F800900FE0306840F00100F4E7D3
:1048600040F004003060F7E7FFF768F80099411A5C
:1048700041F28830814266D830688007F4D50EE076
:10488000FFF75CF8009007E0FFF758F80099411A2D
:1048900041F28830814256D830688007F4D42FB175
:1048A000DBF8001021F08051CBF80010A069C8B3EC
:1048B0003D49091D0968C1F3810102294AD0022836
:1048C000504607D0C8F8600000E03CE0FFF736F83B
:1048D00004463BE04746C8F86000FFF72FF806465D
:1048E00005E000BFFFF72AF8801B02282BD82868B4
:1048F0008001F7D4D4E907010843A16A2E4A490888
:1049000002EB0141626A41EA8211084394F82C10DB
:1049100040EA0161C9F8001001203866FFF70EF87F
:10492000044606E03EE000BFFFF708F8001B02283F
:1049300009D828688001F7D534E000BFFEF7FEFFF4
:10494000001B022802D90320BDE8F88F28688001E7
:10495000F4D427E00128F7D0D9F80000E26900F488
:10496000800191421CD1226A00F03F01914217D18F
:1049700047F6C071626A0140B1EB821F10D1A26A92
:104980004FF0FF3300F4403103EB5202B1EB024F22
:1049900006D194F82C1000F07060B0EB016F01D0DC
:1049A0000120D1E70020CFE7043802400000474251
:1049B000800E4742007000400000FFFF006850304A
:1049C00050F8210070470068503040F821207047AF
:1049D00010B500680B4641680D480140080CD870BE
:1049E000C1F304245C7001F03F049C70C1F34231B8
:1049F000197052B901F036FDD870587801F032FDC7
:104A00005870987801F02EFD9870002010BD0000BD
:104A10003FFFFF0010B50B460168896A59600168C5
:104A20000969C1F30E019960006801680E480140F0
:104A3000C1F305401870C1F306245C7001F07F04D7
:104A40009C70402404EA1141D97052B901F00AFD6A
:104A50001870587801F006FD5870987801F002FD42
:104A60009870002010BD00007F7F7F0070B50400AB
:104A700002D0607F10B106E0012070BD00202077D9
:104A8000204600F049F8022060772168CA20486279
:104A9000216853204862204601F0F8FCFF250426D7
:104AA00018BB206881681B4A1140816021688868B2
:104AB00062681043D4E904231A43104388602168D4
:104AC000E068086120680169228941EA02410161C8
:104AD0002068C16821F08001C1602068806880067C
:104AE00007D4204600F00EF918B1206845626677B9
:104AF000C2E72068016C21F4802101642068016C08
:104B0000A26911430164206845620120607700209A
:104B100070BD0000BFFF8FFF1FB500210091019104
:104B2000029103910068084988420CD1022000904C
:104B3000C00103906846FFF7E3FB08B1FEF7DEF91A
:104B40000249012008601FBD002800403C0E47427A
:104B50002DE9F0470446007F0B4601281FD04FF097
:104B6000010984F81C9002206077DAB19878D9782E
:104B700040EA014558781978000240EA413005437F
:104B80002168CA204862216853204862204601F00B
:104B90007DFC0026FF274FF0040860BB1AE00220CE
:104BA000BDE8F0875878C10603D500F0EF000A3061
:104BB0005870D87801F05FFC0204587801F05BFC73
:104BC00042EA0022987801F056FC0243187842EA43
:104BD0004035D5E70F480540206845602068C1682A
:104BE00021F08001C1602068806880060AD42046D8
:104BF00000F088F830B12068476284F81D8026777D
:104C00000120CDE72068476284F81D9026770020B8
:104C1000C6E700003FFFFF002DE9F0470446007F94
:104C20000D46012827D04FF0010A84F81CA002206D
:104C300060772068002680684FEA4060F2B1002863
:104C400000DBEE70A878297840EA01476878E978B7
:104C5000000240EA014007432168CA2048622168F7
:104C600053204862204601F011FC4FF0FF084FF03E
:104C70000409A0BB16E00220BDE8F087002800DB95
:104C8000EE70287801F0F7FB0204687801F0F3FB7E
:104C900042EA0022A87801F0EEFB0243E87842EAFB
:104CA0000047D9E7164807402068076020688168F8
:104CB00021F480218160D5E90301084321688A68D5
:104CC000104388602068C16821F08001C1602068BD
:104CD000806880060BD4204600F014F838B12168B3
:104CE000C1F8248084F81D9026770120C4E721684C
:104CF000C1F8248084F81DA026770020BCE70000BE
:104D00007F7F7F0070B504460068C16821F0A00174
:104D1000C160FEF713FE05464FF47A7607E000BF48
:104D2000FEF70CFE401BB04201D9032070BD206885
:104D3000C0688006F4D5002070BD7047704710B57C
:104D4000040003D094F83D0010B107E0012010BD2D
:104D5000002084F83C00204600F01EF8022084F871
:104D60003D00211D206801F04DFD012084F8460022
:104D700084F83E0084F83F0084F8400084F8410045
:104D800084F8420084F8430084F8440084F8450025
:104D900084F83D00002010BD7047000090F83D10E1
:104DA000012901D001207047022180F83D100168DF
:104DB000CA6842F00102CA6000681149884214D0F2
:104DC000B0F1804F11D00F4988420ED00E49884271
:104DD0000BD00E49884208D00D49884205D00D49B4
:104DE000884202D00C49884204D1816801F0070151
:104DF000062903D0016841F00101016000207047DD
:104E0000000001400004004000080040000C004089
:104E1000000401400040014000180040704770B598
:104E20000446006801694FF00005C943890715D49D
:104E3000C168C943890711D4E91E016101202077A7
:104E4000206880698007204602D0FFF7E7FF04E072
:104E500000F098F8204600F096F825772068016960
:104E6000C943490717D4C168C943490713D46FF030
:104E700004010161022020772068806910F4407FDE
:104E8000204602D0FFF7CAFF04E000F07BF820467E
:104E900000F079F8257720680169C943090716D41D
:104EA000C168C943090712D46FF0080101610420E9
:104EB00020772068C0698007204602D0FFF7AEFF48
:104EC00004E000F05FF8204600F05DF825772068E8
:104ED0000169C943C90617D4C168C943C90613D4B7
:104EE0006FF010010161082020772068C06910F47C
:104EF000407F204602D0FFF791FF04E000F042F827
:104F0000204600F040F8257720680169C943C907A9
:104F100008D1C168C943C90704D1891E016120466F
:104F200000F032F820680169C943090609D4C16854
:104F3000C943090605D46FF0800101612046FFF7DF
:104F4000FCFE20680169C943490609D4C168C94308
:104F5000490605D46FF040010161204600F01EF8BB
:104F600020680169C94389060BD4C168C943890611
:104F700007D46FF0200101612046BDE87040FFF7C3
:104F8000DDBE70BD7047704700680349884201D19B
:104F9000FFF7EEB870470000001000407047704700
:104FA00070470000F8B5016804460868CA684B6994
:104FB00010F00F0F4FF0000559D003F0010602F476
:104FC0009077374365D0C10705D0D10503D5216C53
:104FD00041F001012164410705D5D90703D0216CB7
:104FE00041F002012164810705D5D90703D0216C66
:104FF00041F004012164010707D502F0200131438B
:1050000003D0216C41F008012164216C00293AD0C1
:10501000800604D5900602D5204603F0DAF8206811
:105020004069216CC0F38010090700D460B32046AA
:1050300003F0A8F820684069400621D520681430A4
:1050400050E8001F21F0400140E80012002AF5D18D
:10505000A06BA8B16C490165A06BFEF7E0F90028D0
:1050600011D0A06B016D01B0BDE8F0400847830688
:105070000FD593060DD52046BDE8F84003F0A9B83A
:105080002046FFF78DFFF8BD2046FFF789FF256416
:10509000F8BD266B2023012E79D1C60677D5D6061A
:1050A00075D50868486800904869400640D5A16BEE
:1050B000086840680004000CEAD0A28D8242E7D95B
:1050C000E085C869B0F5807F2DD020680C3050E8AD
:1050D000001F21F4807140E80012002AF5D12068F9
:1050E000143050E8001F21F0010140E80012002AAE
:1050F000F5D12068143050E8001F21F0400140E84D
:105100000012002AF5D184F83E30256320680C3067
:1051100050E8001F21F0100140E80012002AF5D1EC
:10512000A06BFEF733F9A08DE18D401A81B229E022
:10513000A08DE18D401A81B2E08D0028A8D0002911
:10514000A6D020680C3050E8002F22F4907240E87E
:105150000026002EF5D12068143050E8002F22F0F0
:10516000010240E80026002EF5D184F83E30256388
:1051700020680C3050E8002F22F0100240E8002395
:10518000002BF5D12046FFF70AFFF8BDFFE7050623
:105190002BD5150629D594F83D002128F5D1A06816
:1051A000B0F5805F01D12069B0B1206A411C216255
:1051B000216800784860E08C401E0004000CE08408
:1051C000E3D12068C16821F08001C1602068C16816
:1051D00041F04001C160D8E7206A0088C0F30800B0
:1051E0004860206A801C2062E5E74006CDD5500665
:1051F000CBD5CA68204622F04002CA6084F83D3010
:1052000000F0A7F9C1E700007581000870B504003F
:1052100004D094F83D00002510B106E0012070BDD7
:1052200084F83C50204600F023F8242084F83D0008
:105230002068C16821F40051C160204603F02AF8BB
:105240002068016921F4904101612068416921F0E1
:105250002A0141612068C16841F40051C1602564A0
:10526000202084F83D0084F83E00002070BD00003E
:105270002DE9F04186B0064614216846FBF787FC0D
:105280002F493068884258D12E480024016841F4E3
:1052900000210160006800F40020059029481038C2
:1052A000016841F0040101600068694600F00400F3
:1052B00005904FF4406000900220CDE901040320E6
:1052C0000390082004902048FEF72EFA204D1F4836
:1052D0004FF4806847052860C5E90174C5E90348B3
:1052E0006C61AC61EC612C6228466C62FEF77AF965
:1052F00008B1FDF703FEB563AE63154D1348603585
:105300003030E5E802074020A5E81101104845F8D3
:1053100014496030AC61EC612C626C62FEF762F99A
:1053200008B1FDF7EBFD7563002205213420AE6363
:10533000FEF7B4FF3420FEF7A4FF06B0BDE8F0810D
:10534000004C0040403802400008024040600240EB
:10535000CC0400202DE9F84F044690F83E009A4610
:1053600016460D46202853D1FDB1F6B194F83C0005
:1053700001284DD0012084F83C000027276422201A
:1053800084F83E002763FEF7D9FAA6858146E685B4
:10539000A0684FF48058404501D1206940B12E46A5
:1053A0005FF0000584F83C7027E00120BDE8F88F2D
:1053B0000026F7E74B46002220212046CDF800A02A
:1053C00003F009F808B10320F0E726B1A0684045D2
:1053D0001BD038B108E020684068C0F3080025F809
:1053E000020B07E0206980B12068406800F07F0070
:1053F00006F8010BE08D401EE085E08D0028D9D134
:10540000202084F83E000020D0E720684068EFE7C5
:105410000220CBE790F83E30202B0ED159B152B18B
:1054200090F83C30012B08D0012380F83C30002359
:10543000036302F0B5BF01207047022070470000EF
:1054400000681049884216D00F49884213D111498B
:105450000E480F4B0A8800789854521C92B20A806A
:105460000A2803D00D2801D07F2A05D300200A493D
:105470009854012008707047012204490748FFF73B
:10548000C9BF0000004C004000100140BA000020DD
:10549000C47E0020BC000020B9000020547F002002
:1054A0002DE9F843044690F83D001F4616460D4688
:1054B00020284CD1C5B1BEB194F83C00012846D09B
:1054C000012084F83C004FF00008C4F840802120FF
:1054D00084F83D00FEF732FAA6848146E684A0688F
:1054E000B0F5805F03D004E00120BDE8F8832069B7
:1054F00028B12E465FF0000584F83C800EE00026BF
:10550000FAE78021204602F066FFA0B9AEB116F896
:10551000010B21684860E08C401EE084E08C4B4623
:105520004FF0000200970028EBD14FF040012046D9
:1055300002F051FF30B10320D7E735F8020BC0F37A
:105540000800E6E7202084F83D000020CDE7022097
:10555000CBE7704710B586B014216846FBF717FB00
:105560001048016841F00201016000680E4C00F033
:1055700002000590C02000901120019001200290AF
:105580000220039069462046FEF7CEF80122402112
:105590002046FEF7CEF9012280212046FEF7C9F908
:1055A00006B010BD303802400004024010B586B08D
:1055B00014216846FBF7EBFA1048016841F002013C
:1055C000016000680E4C00F0020005903020009051
:1055D000112001900120029002200390694620468C
:1055E000FEF7A2F8012210212046FEF7A2F90122BF
:1055F00020212046FEF79DF906B010BD303802404C
:105600000004024070B5002401F07CF9422001F052
:10561000BDF901F05BF9144E012280213046FEF7FE
:1056200088F90025002240213046FEF782F96408FF
:105630000A2001F0D1F9012240213046FEF779F924
:1056400080213046FEF768F908B144F08004142048
:1056500001F0C2F96D1CEDB2082DE3D301F036F96B
:1056600001F070F9204670BD0004024070B50024BE
:1056700001F0E4F9422001F025FA01F0C3F9144EDB
:10568000012220213046FEF754F900250022102186
:105690003046FEF74EF964080A2001F09DF9012218
:1056A00010213046FEF745F920213046FEF734F947
:1056B00008B144F08004142001F08EF96D1CEDB2A5
:1056C000082DE3D301F09EF901F0D8F9204670BD12
:1056D0000004024000B585B004A800901D4803AB4B
:1056E00002AA007801A902F027FC01F00BF9402082
:1056F00001F04CF901F0EAF801F024F901F002F9A7
:10570000C02001F043F901F0E1F89DF8040001F038
:105710003DF901F0DBF89DF8080001F037F901F0E0
:10572000D5F89DF80C0001F031F901F0CFF89DF8A3
:10573000100001F02BF901F0C9F801F003F901F0B4
:10574000E1F88C2001F022F901F0C0F801F0FAF83C
:1057500005B000BDEF00002000B585B004A80090A2
:105760001D4803AB02AA007801A902F0E5FB01F095
:1057700065F9402001F0A6F901F044F901F07EF945
:1057800001F05CF9C02001F09DF901F03BF99DF8B2
:10579000040001F097F901F035F99DF8080001F0D7
:1057A00091F901F02FF99DF80C0001F08BF901F04F
:1057B00029F99DF8100001F085F901F023F901F0B5
:1057C0005DF901F03BF98C2001F07CF901F01AF948
:1057D00001F054F905B000BDF0000020FEE70168BB
:1057E0004A69D24352050FD46FF480624A610021A6
:1057F00040F8301F202242738173026942F0040294
:105800000261017301207047002070472DE9F84FB5
:105810000446C06A1E4693460D4621680A6842F453
:1058200080620A60082807D0012805D010F5803F63
:1058300002D0206B112804D12068016841F48071E6
:1058400001604FF001195B46002249462046009650
:1058500000F098F94FF4007840B120680068C00566
:1058600001D5C4F840800320BDE8F88F2069DFF837
:1058700084A0B0F5804F0FD00620216800EAD5172C
:1058800047F0F000086133465A460AF10601204607
:1058900000F0ACF958BB03E0E8B240F001001CE0B6
:1058A0002168E8B2086133465A465146204600F066
:1058B0009DF9E0B92068416981690091016841F46E
:1058C000807101605B46002249462046009600F048
:1058D00059F90028C1D147F0F10021680861334629
:1058E0005A465146204600F081F90028BCD00120DC
:1058F000BAE7000002000100F8B50446C06A1E467F
:105900000D461746082807D0012805D010F5803F1E
:1059100002D0206B122804D12068016841F4807104
:105920000160134600224FF001112046009600F05E
:1059300029F940B120680068C00502D54FF4007015
:1059400020640320F8BD2069B0F5804F0ED00620FA
:10595000216800EAD51040F0F000086133463A466D
:105960000B49204600F042F978B902E005F0FE004C
:1059700000E0E8B221680861054933463A46891FCC
:10598000204600F033F90028DCD00120F8BD0000EB
:10599000080001002DE9F84F0446006889460B9D78
:1059A00001689846174641F48061016020680168EB
:1059B00041F48071016000954FF0011B00225946AF
:1059C00020460A9B00F0DEF84FF4007A40B12068D0
:1059D0000068C00501D5C4F840A00320BDE8F88FD9
:1059E000216809F0FE0008612B46284920460A9AE2
:1059F00000F0FCF8F0BB20684169806900902A46FD
:105A000020460A9900F070F940B1206C04283AD180
:105A10002068016841F40071016034E0FEB2B8F121
:105A2000010F09D02168380A08612A4620460A99E0
:105A300000F05AF90028E8D1206806612A4620467D
:105A40000A9900F051F90028DFD12068016841F47B
:105A50008071016000950022594620460A9B00F0A3
:105A600091F80028B3D1216809F0FF0040F001004F
:105A7000086100E007E02B46044920460A9A00F03E
:105A8000B5F80028AAD00120A8E700000200010014
:105A90002DE9F843044600680D46DDE908970168E2
:105AA0009846164641F4807101604B4600224FF043
:105AB00001112046009700F065F848B120680068A1
:105AC000C00502D54FF4007020640320BDE8F883C0
:105AD000216805F0FE0008613B464A46154920460C
:105AE00000F084F888B920684169806900903A46DE
:105AF0004946204600F0F8F848B1206C042804D14B
:105B00002068016841F4007101600120DEE7F5B210
:105B1000B8F1010F09D02168300A08613A464946B8
:105B2000204600F0E1F80028E7D120680561002058
:105B3000CCE700000200010070B516460D46044691
:105B40000DE02046FFF74BFE08B1012070BD681C38
:105B500005D0FDF7F3FE801BA84207D835B12068B9
:105B60004069C0434007ECD4002070BD002044F8D9
:105B7000300F20216173A073216941F02001216160
:105B80002073E2E72DE9F0471E4690460D46044695
:105B9000C1F30747DDF8209008E0701C06D0FDF740
:105BA000CDFEA0EB0900B0420FD876B12068012FDE
:105BB00018D0806925EA00000004000C14D00021F0
:105BC0004145EAD00020BDE8F087002044F8300FBE
:105BD00020216173A073216941F0200121612073AC
:105BE0000120F0E74069E5E70121E9E72DE9F04709
:105BF0009A4691460E46044600254FF02008C1F310
:105C0000074725E020684069C043400514D4206858
:105C1000016841F40071016021686FF4806048619F
:105C2000256384F83D8084F83E50206C40F00400E9
:105C3000206484F83C501FE0B9F1FF3F08D0FDF725
:105C40007DFEA0EB0A0149450CD8B9F1000F09D03F
:105C50002068012F13D0806926EA00000004000CA0
:105C60000BD0CFE744F8305F84F80D80A57320692E
:105C700040F02000206125730120BDE8F0874069D5
:105C8000EAE72DE9F041002590460E46044620271C
:105C900017E04069C043C0060CD454F8301B6FF0C5
:105CA0001000486144F810596777A577206A206290
:105CB000257717E0FDF742FEA0EB0800B04208D8B8
:105CC0003EB120684169C9434906E2D40020BDE8DD
:105CD000F08144F8305F6773A573206940F02000BD
:105CE000206125730120F2E770B516460D46044683
:105CF0000DE02046FFF773FD08B1012070BD681C60
:105D000005D0FDF71BFE801BA84207D835B12068DF
:105D10004069C0430006ECD4002070BD002044F868
:105D2000300F20216173A073216941F020012161AE
:105D30002073E2E72DE9FF4100213C4800910191E9
:105D40000291394A0391026001254FF480320561C6
:105D5000C0E90121057680F82010354AC0E90A2102
:105D60000826C661C16080F830504561FDF7DDF955
:105D700008B1FDF7C3F80D20CDE9000507246946F9
:105D800002942A48FDF728F908B1FDF7B7F80C206E
:105D90000227CDE9000769462448FDF71DF908B13F
:105DA000FDF7ACF803200090CDE9010469461F48D7
:105DB000FDF712F908B1FDF7A1F80420CDE9007054
:105DC00069461A48FDF708F908B1FDF797F80B2066
:105DD00000900520019069461448FDF7FDF808B1D0
:105DE000FDF78CF80620CDE9004069460F48029483
:105DF000FDF7F2F808B1FDF781F80E20CDE90004B7
:105E000069460A48FDF7E8F808B1FDF777F800950C
:105E1000CDE9016469460548FDF7DEF8002801D0A8
:105E2000FDF76CF8BDE8FF81002001406C03002005
:105E30000100000F154808B5016841F40011016028
:105E4000016801F400110091016841F480010160D2
:105E50000068002200F48000009005210D20FEF76C
:105E60001DFA0D20FEF70DFA002205210F20FEF786
:105E700015FA0F20FEF705FA002205213820FEF75B
:105E80000DFABDE808403820FEF7FBB93038024073
:105E900010B5D0B000204D904E904DA802F05FFF9D
:105EA000404CE062FCF77EFAFCF7F4FB00F0BCFB30
:105EB0001C223D496846FAF70EFE0021684602F0B2
:105EC000B1FF394920601C221C3107A8FAF703FEF4
:105ED000002107A802F0A6FF334960601C22383178
:105EE0000EA8FAF7F8FD00210EA802F09BFF2E493C
:105EF000A0601C22543115A8FAF7EDFD002115A869
:105F000002F090FF2849E0601C2270311CA8FAF7CB
:105F1000E2FD00211CA802F085FF234920611C221C
:105F20008C3123A8FAF7D7FD002123A802F07AFFCD
:105F30001D4960621C22A8312AA8FAF7CCFD002175
:105F40002AA802F06FFF1849A0611C22C43131A8B1
:105F5000FAF7C1FD002131A802F064FF1249E061A7
:105F60001C22E03138A8FAF7B6FD002138A802F06B
:105F700059FF0D4920621C22FC313FA8FAF7ABFD06
:105F800000213FA802F04EFF60611C22074946A88D
:105F9000FAF7A1FD002146A802F044FFA06250B02C
:105FA00010BD0000000000209CAF0008B4B0000845
:105FB0002DE9F04186B014216846FAF7E8FD2B4838
:105FC0000024016841F010010160016801F0100136
:105FD0000591016841F004010160016801F00401CC
:105FE0000591016841F080010160016801F08001C4
:105FF0000591016841F001010160016801F00101B2
:106000000591016841F002010160016801F002019F
:106010000591016841F0080101600068144F00F02B
:1060200008000590002240213846FDF782FCDFF889
:1060300044804FF44056002231464046FDF779FC3B
:10604000402000900125CDE901546946384603946B
:10605000FDF76AFB0096CDE901546946404603947A
:10606000FDF762FB06B0BDE8F08100003038024069
:1060700000100240000802400D4810B50B490160B5
:106080000C49416000214FF480428160C0E9031255
:1060900041618161C1610162FDF756FC002803D0B6
:1060A000BDE81040FCF72ABF10BD000000540040BE
:1060B00014040020A086010030B587B01421684682
:1060C000FAF765FD2448002422490594C0E900142C
:1060D0007F218160FF21C0E9031444618461FEF7E0
:1060E000C5FC08B1FCF70AFF01211B48FEF766FC5E
:1060F00043F2F225A8422AD021208DF80000052085
:106100008DF801008DF8024003940122694612487F
:106110000494FEF781FD08B1FCF7F0FE01208DF834
:10612000140003208DF8150010208DF8160026208D
:106130008DF81700012205A90748FEF709FD08B1EF
:10614000FCF7DCFE2A4601210348FEF73CFC07B0C1
:1061500030BD000000280040680400200C4810B545
:106160000A4901604FF416514160002181600C2200
:10617000C160C0E904128161C161FFF747F80028DE
:1061800003D0BDE81040FCF7B9BE10BD004C004084
:1061900088040020FEE7FEE710B50446A0B0C00763
:1061A00002D022A0FCF726FAA00702D528A0FCF70F
:1061B00021FA600702D52FA0FCF71CFA200702D5B0
:1061C00035A0FCF717FAE00602D53DA0FCF712FA5D
:1061D000A00602D543A0FCF70DFAE00502D54DA0BC
:1061E000FCF708FAA00502D554A0FCF703FA6005F5
:1061F00002D55BA0FCF7FEF9E00402D562A0FCF733
:10620000F9F9600402D569A0FCF7F4F9200402D57D
:106210006EA0FCF7EFF9224675A16846FAF71AF965
:106220006846FCF7E7F920B010BD00005B414C4127
:10623000524D5D2045313A20436162696E6574209C
:1062400073656E736F72206661756C74210D0A0040
:106250005B414C41524D5D204544433A204443202C
:10626000766F6C7461676520746F6F206C6F772137
:106270000D0A00005B414C41524D5D204541433ABF
:10628000205068617365206C6F73732F6572726F35
:1062900072210D0A000000005B414C41524D5D200F
:1062A0004546493A20496E766572746572206F766C
:1062B000657263757272656E74210D0A00000000CC
:1062C0005B414C41524D5D204546543A20496E7623
:1062D0006572746572206F76657268656174210DF0
:1062E0000A0000005B414C41524D5D2045544D3A3F
:1062F0002046726571206D696E20262074656D7070
:106300002061626E6F726D616C2C2053544F50216E
:106310000D0A00005B5741524E5D2057544D3A2004
:10632000457868617573742074656D7020746F6F43
:106330002068696768210D0A000000005B57415220
:106340004E5D2057544C3A2053756374696F6E202C
:1063500074656D7020746F6F206C6F77210D0A006B
:106360005B5741524E5D205750483A204469736351
:1063700068617267652070726573737572652068F5
:10638000696768210D0A00005B5741524E5D205736
:10639000504C3A2053756374696F6E207072657348
:1063A00073757265206C6F77210D0A005B5741523F
:1063B0004E5D20574C433A204C6F6E672072756ECD
:1063C0002074696D65210D0A000000005B57415281
:1063D0004E5D204544543A2053757065726865617E
:1063E0007420746F6F206C6F77210D0A000000001D
:1063F0005B414C41524D5D20636F64653D307825B3
:1064000030386C580D0A000010B50320FCF796F9DF
:10641000034808210068BDE8104003F0A3BA00005B
:10642000080100201CB5A5208DF8000004480522B5
:1064300069468068CDF801000820FBF7D1FE1CBD3D
:10644000A800002000224FF400610148FDF771BA56
:106450000000024000224FF480510148FDF769BA64
:1064600000080240010901EB810100F00F0000EB80
:106470004100C0B27047002102E00A38C0B2491C96
:106480000A28FAD2090740EA1160704770B504463D
:106490000068C168490614D44FF0FF31C160FDF7B0
:1064A0004DFA05464FF47A7607E000BFFDF746FA4D
:1064B000401BB04201D9032070BD2068C06840066F
:1064C000F4D5002070BD00002DE9F0410122110338
:1064D0001E48FDF72EFAC82310221D491D48FEF75D
:1064E000DFFF1C4800680168C9434906FBD4FFF779
:1064F000B1FF174810211030FAF727FB1449C823C1
:10650000102210311348FEF725FF114C00250126FB
:10651000114F103C20B13D70E570257166710BE0A4
:106520000B49102210310A48FAF7FAF938B13D70D8
:10653000E5702571022060710020BDE8F0813E7099
:10654000E670267165710120F7E70000000802403F
:10655000A87F0020880400200001002000F028FC13
:10656000012002F0F0FBFBE700F0D2FA012002F07C
:10657000EAFBFBE700F092FB012002F0E4FBFBE703
:1065800000F09AFB012002F0DEFBFBE700F0AEFB1F
:10659000012002F0D8FBFBE700F0E0FB012002F055
:1065A000D2FBFBE700F0EEFB012002F0CCFBFBE7A7
:1065B00000F072FD012002F0C6FBFBE701F016FAC5
:1065C000012002F0C0FBFBE701F040FA012002F0DD
:1065D000BAFBFBE701F076FA012002F0B4FBFBE71F
:1065E00000487047C87F002070B50D4C0546A06874
:1065F000002814D0002D12D04FF0FF3103F09CFC86
:1066000001280CD1602207492846FAF764FAA068ED
:10661000BDE8704000231A46194603F041BB70BD27
:1066200008010020C87F002010B50C4CA06818B9E4
:10663000012003F085FAA060206810B903F0B2F9D8
:106640002060606810B903F0ADF960600020E06080
:10665000BDE8104038210248FAF799BA0801002035
:106660002880002004488068002803D04FF0FF31C4
:1066700003F062BC704700000801002004488068F5
:10668000002804D000231A46194603F009BB7047BE
:106690000801002010B5502080F31188BFF34F8F00
:1066A000BFF36F8F03F0AAFD18B104494FF080507B
:1066B0000860002080F3118810BD000004ED00E0A8
:1066C00030B593B030216846FAF761FA14210CA86E
:1066D000FAF75DFA1D480025016841F0805101601C
:1066E000006800F0805011901948016841F4804121
:1066F00001600068022400F48040119005200090A1
:106700004FF480300190012002908005CDE90640D1
:1067100008AA0420A82182E813000B906846FDF720
:1067200097FF70B90CA90F2081E831004FF4A050F9
:106730000F90E002109005210CA8FDF77FFE0028C5
:1067400001D0FCF7DBFB13B030BD00004038024045
:10675000007000400248016841F470010160704718
:1067600088ED00E010B5A4B00446142105A8FAF79E
:106770000EFA002269461E48FEF74CF900220AA9CB
:106780001B48FEF725F99DF82B008DF814009DF8A5
:1067900029008DF815009DF82A008DF816009DF847
:1067A00000008DF817009DF801008DF818009DF885
:1067B00002008DF819008DF826400BA8FFF714FF92
:1067C0002098CDF81A000B4C1D98CDF822004FF4FC
:1067D000FA71206802F0F4FA10B1012024B010BD63
:1067E00005A8FBF75DFE206802F0C2FA0020F5E77D
:1067F000680400202C0000200148FEF710BB0000B8
:106800008C050020F0B50268254C264D264E274FFA
:10681000274B4FF0804CA04209D0604507D0A842DA
:1068200005D0B04203D0B84201D0984204D122F042
:10683000700E4A6842EA0E02A0421BD0604519D091
:10684000A84217D0B04215D0B84213D0984211D008
:10685000184DA8420ED0184DA8420BD0174DA84293
:1068600008D0174DA84205D0164DA84202D0164DAB
:10687000A84203D122F44075CA682A434D6922F028
:1068800080022A4302608A68C2620A688262A04269
:1068900001D0984201D10969016301214161F0BD34
:1068A000000001400004004000080040000C0040CF
:1068B0000004014000400140004401400048014004
:1068C00000180040001C00400020004010B50C4C97
:1068D000002240212046FDF72CF8052000F07CF82E
:1068E000012240212046FDF724F8022000F074F830
:1068F00020460022BDE810404021FDF71AB80000F4
:106900000004024010B50E4C012240212046FDF744
:1069100010F8012280212046FDF70BF8022000F03C
:106920005BF8002280212046FDF703F8022000F0EA
:1069300053F820460022BDE810404021FCF7F9BF83
:106940000004024010B5104C002240212046FCF704
:10695000F0FF022000F040F8002280212046FCF7E2
:10696000E8FF022000F038F8012240212046FCF721
:10697000E0FF022000F030F820460122BDE8104080
:106980008021FCF7D6BF00000004024070B5114E14
:1069900005460024002240213046FCF7CAFFE807E4
:1069A00001D0012200E0002280213046FCF7C1FF27
:1069B000032000F011F86D08012240213046FCF759
:1069C000B8FF032000F008F8641CE4B2082CE1D3FF
:1069D00070BD00000004024001B50848084981B0BC
:1069E0000068B0FBF1F001994843009001E000BF5E
:1069F0000846411E0091FAD20CBD00003C00002068
:106A000000093D0010B50C4C002210212046FCF777
:106A100090FF0520FFF7E0FF012210212046FCF740
:106A200088FF0220FFF7D8FF20460022BDE8104073
:106A30001021FCF77EBF00000004024010B50E4C90
:106A4000012210212046FCF774FF0122202120465C
:106A5000FCF76FFF0220FFF7BFFF00222021204636
:106A6000FCF767FF0220FFF7B7FF20460022BDE8D2
:106A700010401021FCF75DBF0004024010B5104C1F
:106A8000002210212046FCF754FF0220FFF7A4FF4C
:106A9000002220212046FCF74CFF0220FFF79CFF3C
:106AA000012210212046FCF744FF0220FFF794FF4B
:106AB00020460122BDE810402021FCF73ABF00002B
:106AC0000004024070B5114E05460024002210213A
:106AD0003046FCF72EFFE80701D0012200E000223B
:106AE00020213046FCF725FF0320FFF775FF6D08D6
:106AF000012210213046FCF71CFF0320FFF76CFF3A
:106B0000641CE4B2082CE1D370BD00000004024014
:106B10002DED0E8B08225B495B48FCF78DFB4FF493
:106B2000FA7002F083FD574D9FED58EADFED58EA09
:106B3000584CB2EE048A288801F08EFF0DEE900AC0
:106B4000688801F0F7FF09EE900AA88801F084FF39
:106B500009EE100AE88801F07FFF08EE900A288904
:106B600001F0E8FF0CEE900AE88901F075FF0BEEEA
:106B7000900A6889F0EE4E0AB0EE0C0A01F034FF7C
:106B8000A889B0EE40DAF0EE6E0AB1EE020A01F02A
:106B90002BFFB0EE40BAB0EE4D0A02F039F8B0EE7D
:106BA00040AAB0EE4B0A02F033F8F0EE40AAB8EE7D
:106BB000E80AC0EE080A30EECACAB5EEC0CAF1EE65
:106BC00010FA01D29FED34CAB8EEED0AC0EE080A01
:106BD000B8EEE90AC4ED000AC0EE080AB8EEC90A28
:106BE000C4ED010AC0EE080AB8EEE80AC4ED020AD4
:106BF000C0EE080AB8EEEC0AC4ED030AC0EE080ABB
:106C0000B8EEEB0AC4ED040AC0EE080AC4ED050AAA
:106C100084ED06DA84ED07BAFFF724FDFFF7E0FC08
:106C200094ED010A80ED000A94ED040A80ED010A5A
:106C300094ED020A80ED020AD4ED030AC0ED030AC6
:106C4000D4ED000AC0ED040AD4ED050AC0ED0E0A29
:106C500080ED05DA80ED06BA80ED07AAC0ED08AA3E
:106C600080ED09CAD4ED010AC0ED120A80ED13AA25
:106C7000C0ED14AA80ED150AFFF700FD642002F0B4
:106C8000D5FC58E7447F00206C0300200000B4428C
:106C900000001643C000002000000000FBF7E2FEE9
:106CA00040F6B83002F0C2FC4FF47A74FBF7E8FE0D
:106CB000204602F0BBFCF9E70A4D0B480024AC610A
:106CC0004021006802F04EFEEC6140F6B8302C62C4
:106CD00002F0ACFC4FF47A74FCF70CF8204602F09A
:106CE000A5FCF9E7288000200C010020FBF7B0FA92
:106CF000FBF7DAFA4FF4FA6002F098FC40F6B83489
:106D00004FF4FA7541F288361421FA20FBF7ECFAB9
:106D1000C82002F08BFCFBF793FA204602F086FCB9
:106D200014212846FBF7E0FAC82002F07FFCFBF7AD
:106D300087FA204602F07AFC14216420FBF7D4FA8B
:106D4000C82002F073FCFBF77BFA204602F06EFCD1
:106D5000FBF7AAFA304602F069FCD5E70020FBF702
:106D6000EDFCFCF7E5F8FCF729F940F6B83002F045
:106D70005DFC4FF47A7400BFFCF7E2F8204602F0A5
:106D800055FCF9E7002464253226641CB4FBF5F0B9
:106D900005FB104008B9FBF77BFBB4FBF6F006FBE4
:106DA000104008B9FBF76EFB0A2002F03FFCECE74D
:106DB0002DED028BAAB00027FEF7CCFBFEF7F6FB09
:106DC000C82002F033FC052269460820FBF7DCF9F5
:106DD0009DF80000934CA52808D1DDF801009249E8
:106DE000884203D89149884200DCA060DFF84092D5
:106DF000DFF840A2DFF840B2DFF84082B6EE008A4A
:106E000000256846FFF7F0FB0021D8F8000002F0EB
:106E1000A9FD06468A4802682946B00600D5202109
:106E2000700601D541F00801F00501D541F01001CF
:106E3000F00701D041F08001607808B141F0020113
:106E40002078012801D141F004019DF84430012B44
:106E500001D141F0400112EA090F08D07F1CFFB2B6
:106E60007A0702D541F0800101E021F080018AF823
:106E700000108BF80010C8B194ED020AFEF72AFC4E
:106E800094ED020AFEF768FCFEF7BCFB002868D010
:106E9000FF2866D0F72810D0F42812D021780129D5
:106EA00019D0F5283DD0F6283ED040E09DED0E0AE1
:106EB000FEF710FC9DED0E0AE4E72570BAEE040A19
:106EC0002AE0207828B10020207003F091F9E060DA
:106ED00044E00120F8E7F52802D0F62805D00DE0BF
:106EE00094ED020A30EE080A03E094ED020A30EE57
:106EF000480A84ED020A03F07BF9E0604B49A06880
:106F0000884203DD9FED4F0A84ED020A4649A068DE
:106F1000884203D99FED4C0A84ED020AFFF782FAFA
:106F20001CE0A0880A3001E0A0880A38A080A08870
:106F30004FF4A071884201D9A18003E0782801D2E2
:106F40007820A080A1880220FBF76AFAA2883FA1DE
:106F500019A8F9F77FFA19A8FBF74CFB962002F065
:106F600065FBFEF783FB88B3FF2848D0EF2806D0E7
:106F7000EE2810D0ED283FD0EC2814D03CE0B0062D
:106F800005D5E021D8F8000002F0ECFC34E0202127
:106F9000D8F800002EE0607880F0010161700520D3
:106FA000FBF7ECFB28E0A07890F00100A07008D07F
:106FB0000221D8F8000002F003FD29A0FBF71AFB1C
:106FC0001AE000210846FBF72BFA00E017E029A0A1
:106FD000FBF710FB02214646D8F8000002F0C2FC85
:106FE0000121306802F0BEFC1021306802F0BAFCCA
:106FF0000421306802F0E4FC962002F017FB2078B0
:1070000001280AD103F0F4F8E168401A41F288310E
:10701000884202D92570FFF705FA322002F006FBFC
:10702000EFE60000A8000020000048C2000048422F
:107030003FFF0100EF000020F000002008010020C9
:107040001401002000004842000048C25B4B455933
:107050005D20465245513A2564487A0D0A000000E9
:107060005B4B45595D20506F776572204F4E0D0A7E
:10707000000000005B4B45595D20506F7765722022
:107080004F4646202D3E2053544F5020434D443A06
:10709000307830300D0A00002DED028BE0B0FBF7A8
:1070A00045FAFBF721FA642001F04DFEF6A0FBF74C
:1070B000A1FA0122FC49FD48FEF7ACF9FA4CDFF8D1
:1070C000EC93A41E607801287ED1F9A1F948F9F764
:1070D00015FC002879D046A8FFF786FAF6A0FBF742
:1070E00089FA479803F0DCFE05460E46469803F001
:1070F000D7FE41EC100BCDE9005653EC102BF5A157
:1071000006A8F9F7A7F906A8FBF774FA4A9803F05E
:10711000C7FE07468846499803F0C2FE05460E465C
:10712000489803F0BDFE41EC100B8DE8E00153ECF4
:10713000102BF34906A8F9F78DF906A8FBF75AFAC0
:10714000549803F0ADFE41EC100BEEA153EC102B64
:1071500006A8F9F77FF906A8FBF74CFA569803F052
:107160009FFE05460E465C9803F09AFE41EC100B1C
:10717000CDE9005653EC102BE8A106A8F9F76AF9FF
:1071800006A8FBF737FA9DED4C8ADFEDEE8A28EE74
:10719000280A10EE100A03F083FE82468B4618EE92
:1071A000100A03F07DFE9DED4B8A0746884628EEC7
:1071B000280A10EE100A03F073FE05460E4618EE7C
:1071C000100A03F06DFE01E01EE367E08DE8E00DBC
:1071D00041EC100BDCA153EC102B06A8F9F73AF99F
:1071E00006A8FBF707FAE54F788900EE100AB8EE1B
:1071F000400A9FEDE31A20EE010ADFEDE20AB889AA
:1072000080EE208A00EE100AB8EE400A20EE011A45
:1072100081EE200A10EE100A03F042FE05460E46EB
:1072200018EE100A03F03CFECDE904560A4601466A
:10723000B8890091CDE901207A89D3A106A8F9F790
:1072400009F906A8FBF7D6F94F9803F029FE07467F
:1072500088464E9803F024FE05460E464D9803F0EE
:107260001FFE41EC100B8DE8E00153EC102BD1A177
:1072700006A8F9F7EFF806A8FBF7BCF9D94800789B
:107280000090D9480378D9480268D9A106A8F9F72F
:10729000E1F806A8FBF7AEF9E1A097E2E7A185487F
:1072A000F9F72CFB58B1207828B100202070207805
:1072B00018B1E3A08AE20120F8E7EEA086E2F1A18E
:1072C0007C48F9F71BFB30B19920FFF74BFA0028F7
:1072D0006ED1EEA07AE2F1A17648F9F70FFB002813
:1072E00051D0F0A0FBF786F9DFF8D8B34FF47A71EC
:1072F000DBF8000001F064FDF0BBFBF7EFF8074698
:107300004FF0050800254FF0640A781B633090FBAE
:10731000FAF20AFB1206F0B20AA9FBF7FBF89DF895
:10732000280028B3DDF82E0003F0BAFDCDE90801EE
:107330009DF82B000DF10C0C9DF83A309DF82D2096
:107340009DF82C108CE80F009DF828009DF82A204D
:107350009DF829108DE8070033462A46DA4911A81E
:10736000F9F778F811A8FBF745F90A2001F0EBFCD2
:107370006D1C4545C9DB00E003E0DBF8000001F0CF
:10738000F7FCD2A022E2D8A14A48F9F7B7FA0028C0
:1073900040D00DAB0CAA0EA904A88DE80F000AABD3
:1073A0000BAAD3A14348F9F7E5F9062803D000E07A
:1073B00064E0D6A00AE2142105A8F9F7E8FB002052
:1073C0000E9900908DF814100C998DF815100D99E8
:1073D0008DF816108DF817000890099001208DF88F
:1073E00000000A988DF8010004988DF802000B98AF
:1073F0008DF80300002205A9D148FDF70DFC28B93E
:1074000000226946CE48FDF7A3FB08B1CDA0DDE11F
:10741000D4A0DBE1DCA12748F9F770FA00282DD0D1
:10742000D9A12448F9F76AFA451D00E06D1C2878B7
:107430002028FBD00322D6A12846F9F7BCFAE0B1F8
:107440002E78303E052E1AD815F8010F2028FBD0D3
:107450000222D0A12846F9F7AEFA002810D0032264
:10746000CDA12846F9F7A7FA0028F0B209D0FBF71A
:10747000FDF8002806D0C7A520E28FE1A8E128E2A8
:1074800003E20CE218E200000D0A2D2D2D205369B5
:107490006D706C65204D6F64652052656164792163
:1074A000202D2D2D0D0A0000BA000020547F002051
:1074B00047455400C47E00200D0A3D3D3D3D3D2022
:1074C00053454E534F522044415441203D3D3D3D94
:1074D0003D0D0A00436F6D704F757428494E554934
:1074E00035293A252E316643202047436F7574288D
:1074F000494E554936293A252E3166430D0A00007A
:107500001CB30008436162696E657428494E554991
:1075100032293A252E3166430D0A0000416D626919
:10752000656E74285348543330293A252E3166430A
:10753000202048756D693A252E3166252552480D63
:107540000A000000CDCCCC3D5052455320204C6F5A
:10755000773A252E326662617228252E32664D50AA
:1075600061292020486967683A252E326662617277
:1075700028252E32664D5061290D0A00447F0020D7
:107580003333534000F07F454144435F524157201D
:10759000204C6F773A257528252E336656292020F2
:1075A000486967683A257528252E336656290D0ADD
:1075B00000000000434F32736174204C6F773A250E
:1075C0002E3166432020486967683A252E3166438C
:1075D00020205375706572686561743A252E316696
:1075E000430D0A00F0000020EF00002014010020ED
:1075F000414C41524D3A2030782530386C5820208B
:1076000049434F4E303A3078253032582020494394
:107610004F4E313A3078253032580D0A00000000C4
:107620003D3D3D3D3D3D3D3D3D3D3D3D3D3D3D3D8A
:107630003D3D3D3D3D3D3D0D0A0000004B4559009F
:107640004B4559206465627567204F4E202D207090
:107650007265737320616E79206B6579206F6E207F
:1076600050414E454C302F50414E454C312E2E2E20
:107670000D0A00004B4559206465627567204F462E
:10768000460D0A00544553540000000054657374BD
:10769000205361766564210D0A0000005245414483
:1076A000000000000D0A2D2D2D204C41544553544F
:1076B000204C4F47205354415254202D2D2D0D0A5C
:1076C000000000002C00002060B300082D2D2D20AC
:1076D0004C4154455354204C4F4720454E44202D97
:1076E0002D2D0D0A0000000053455454494D45000E
:1076F00053455454494D453A25642D25642D256440
:107700002C25643A25643A2564000000466F726DAA
:107710006174204572726F722120506C73207573F2
:10772000653A2053455454494D453A59592D4D4DCC
:107730002D44442C48483A4D4D3A53530D0A00000D
:10774000680400204552524F523A20525443204878
:1077500061726477617265204661756C74210D0AEF
:10776000000000005254432054696D652055706438
:1077700061746564205375636365737366756C6CBF
:1077800079210D0A0000000052454C4159000000CB
:10779000414C4C004F4E00004F464600E81C00E0B4
:1077A000401C01782029FBD00222AFF21801F9F722
:1077B00002F918B1FAF750FF55A007E00025E8B22A
:1077C000FAF7CCFF6D1C062DF9DB56A0FAF712FF75
:1077D0000025A58080215748F9F7B7F96570D9F8D9
:1077E00000000268426801920268426801920268E1
:1077F00040680090C9F84050202089F83E000122DE
:107800004D494E48FDF706FE207808B3FDF7FAFE15
:107810000646FDF72BFF054666B1FF2E0AD032461D
:1078200047A16846F8F716FE6846FAF7E3FEC82057
:1078300001F089FA65B1FF2D0AD02A4646A16846B3
:10784000F8F708FE6846FAF7D5FEC82001F07BFA83
:1078500099F83E104846222913D0016800220B688F
:107860004B6801930B684B6801930B684968009162
:107870000264202180F83E1001222F492F48FDF795
:10788000C9FD322001F05FFA1CE4F0B2FAF766FF9E
:10789000F0B2FAF743FF0246334635A107E0FAF7A4
:1078A0004DFFF0B2FAF73AFF0246334634A101A881
:1078B000F8F7D0FD01A889E7AFF22415F0B2FAF786
:1078C0002DFF0246334633A101A80095F8F7C2FD0B
:1078D000F0E734A0FAF78EFE0025E8B2FAF7C6FE0C
:1078E00010B1AFF2501601E0AFF25416E8B2FAF759
:1078F00015FF03462A4632A101A80096F8F7AAFD13
:1079000001A8FAF777FE6D1C062DE6DB31A05DE7D6
:10791000414C4C2072656C617973204F46460D0ACC
:1079200000000000414C4C2072656C617973204F5F
:107930004E0D0A00C47E0020BA000020547F0020B3
:107940005B50414E454C305D206B65793D3078256C
:107950003032580D0A0000005B50414E454C315DFD
:10796000206B65793D3078253032580D0A000000D3
:107970002573284B256429202D3E204F4E0D0A00EB
:107980002573284B256429202D3E204F46460D0A9D
:10799000000000002573284B2564293A2025730D2B
:1079A0000A0000000D0A3D3D3D2052454C41592042
:1079B000535441545553203D3D3D0D0A00000000F5
:1079C00020205B25645D20252D3873203A20257307
:1079D0000D0A00003D3D3D3D3D3D3D3D3D3D3D3DB4
:1079E0003D3D3D3D3D3D3D3D0D0A00001CB54FF484
:1079F000FA7001F01BFE40F6B83402E0204601F0B8
:107A000015FEFAF7D9FE0028F8D04FF47A746846CC
:107A1000FAF7DEFEA8B1FEF725FEFEF7E1FD9DEDCB
:107A2000000A80ED0F0AFEF7DBFD9DED010A80EDF7
:107A3000100AFEF7D5FD9DED000A80ED160AFEF74F
:107A40001DFE204601F0F2FDE1E70000194898B064
:107A50000421006801F0B4FF17490020174CC860EA
:107A60000821206801F07EFF0421206801F0A8FFB2
:107A70004FF4FA6001F0DAFD114C4FF47A7500BF53
:107A800000F044F82068C0070BD06846FEF7ACFD54
:107A90009DED0E0AFAF738FF18B1206820F00100BA
:107AA000206000F0F7F800F027FA284601F0BEFD4C
:107AB000E6E7000008010020288000200C010020DB
:107AC00014010020104908B5002008604860886053
:107AD000C860086148618861C8610862486288625C
:107AE000C86208634FF47A744863204601F09EFD33
:107AF00002F07EFBCDF8000000F070FA21466846E7
:107B000001F0BAFDF8E700002880002010B598B019
:107B10006846FEF769FD4349434C12988842206845
:107B200002DB40F4807001E020F4807020603F4868
:107B30000021006801F016FFC2073D484FF0000128
:107B40000BD0C26AB2F5616F226802D342F4804260
:107B500001E022F48042226004E0226822F48042A4
:107B60002260C162334A9DED130A334BD2ED000A05
:107B700030EEC00A10EE102A9A42226802DC42F46B
:107B8000007201E022F4007222602C4B069A9A42A5
:107B900022680FDB42F480622260026B521C026397
:107BA0003C2A226802D342F4006201E022F400621F
:107BB000226007E022F480622260226822F40062E0
:107BC000226001631E4B059A9A4210DC216841F441
:107BD00080512160416B491C416320683C2902D3DC
:107BE00040F4005001E020F40050206008E02268DA
:107BF00022F480522260226822F400522260416303
:107C0000206810490842206808D040F48030206085
:107C100020680840FEF7C0FA18B010BD20F480308C
:107C20002060F9E70000DC42140100200801002078
:107C300028800020B00000200000704100008C422D
:107C40000000A04100FF010070B50F4C002120682A
:107C500001F088FE0D4D06460021286801F082FEE5
:107C6000F0070FD1FAF762FE0949002048624FF48D
:107C70000071286801F076FE2068BDE87040102190
:107C800001F070BE70BD0000080100200C01002052
:107C9000288000202DE9F043674C00212DED028B58
:107CA000AFB0206801F05EFE644F054600213868E1
:107CB00001F058FE0646A80716D4FAF7B5FE0120D3
:107CC000FAF73CFD4FF40061206801F04BFE002004
:107CD000FAF734FD4FF48071206801F043FE2FB0B5
:107CE000BDEC028BBDE8F083DFF8548168074FF0EC
:107CF00000091CD5300713D452480178491CC9B279
:107D000001700A29EBD380F80090B4234EA11AA881
:107D1000D8F80C20F8F79EFB1AA8FAF76BFCDEE700
:107D20000421206801F01EFE4FA0FAF763FC02A8B0
:107D3000FEF75AFC9DED108AB0EE480AFAF7E4FD12
:107D400001005148016840D021F001010160A806FE
:107D5000C5D44E48E907B0EE000A3FD0B106BED503
:107D6000D0ED000A30EE800AB4EEC80AF1EE10FA47
:107D7000B5D910EE100A03F093F805460E4618EE3A
:107D8000100A03F08DF841EC100BCDE9005653ECCE
:107D9000102B3FA11AA8F8F75DFB1AA8FAF72AFCE6
:107DA000FAF742FEC8F808904D4646460421386866
:107DB00001F0D8FD1021206801F0D4FD4FF40071CE
:107DC000386801F0CFFD756289E741F0010101607B
:107DD000FAF72AFE0120FEF7DFF980E771079ED54A
:107DE000D0ED000A30EE800AB4EEC80AF1EE10FAC7
:107DF00095D810EE100A03F053F804460D4618EE1D
:107E0000100A03F04DF841EC100B2EA153EC102B8F
:107E10001AA8CDE90045F8F71DFB1AA8FAF7EAFB06
:107E2000FFF712FFC8F814904C46454620213868E9
:107E300001F098FDEC6252E7080100200C010020DF
:107E400028800020EE0000205B5359535D2043330F
:107E50002077616974696E672E2E2E202564732F3A
:107E60002564730D0A0000005B5359535D204333B2
:107E700020646F6E652C2073797374656D20726554
:107E80006164790D0A00000014010020B000002098
:107E90005B5359535D2054633D252E3166203C20B1
:107EA00054732B43313D252E31662C2073746F7033
:107EB00070696E6720636F6D70726573736F720D9A
:107EC0000A0000005B5359535D2054633D252E3159
:107ED00066203E3D2054732B43313D252E31662CC8
:107EE000207374617274696E6720636F6D70726560
:107EF00073736F720D0A000010B50D4C98B000211D
:107F0000206801F02FFDC0070FD16846FEF76CFB1B
:107F100008491698884208DC0320FAF71FFC08215C
:107F2000206801F04DFD18B010BDFEF76DFAFAE7BC
:107F30000801002000002041F0B510EE104A224E4A
:107F4000224D059FB44202D99FED210A05E010EEB3
:107F5000104AAC4201DD9FED1F0AF2EE040A60EE0A
:107F6000200AFDEEE00A10EE904A002C00DA64428E
:107F7000642594FBF5F505F0FF0C0A2594FBF5F656
:107F800096FBF5FE05FB1E6694FBF5FE0870124895
:107F900005FB1E4510F80C10F6B2EDB21170FC296D
:107FA00003D1642C01DA00211170815DB5EEC00AA5
:107FB00041F001011970F1EE10FA405D387002D203
:107FC00040F001003870F0BDCDCCC7C2CDCCC74267
:107FD000CDCCC7C2CDCCC742F0B000082DE9F041EE
:107FE0005E4D0021286801F0BDFC5D4C40064FF05D
:107FF00000060BD4A06942F63021401CA0618842E3
:1080000004D3A6614021286801F0DAFC0021286829
:1080100001F0A8FC00064FF4967709D4E069401CF3
:10802000E061B84204D3E6618021286801F0C8FC11
:108030000021286801F096FC400709D4A068401C84
:10804000A060B42804D3A6600421286801F0B8FC1D
:108050000021286801F086FC000709D4E068401C74
:10806000E060B42804D3E6600821286801F0A8FC89
:108070000021286801F076FCC00609D42069401C64
:108080002061B84204D326611021286801F098FCD1
:108090000021286801F066FC800609D46069401C54
:1080A0006061B84204D366612021286801F088FC31
:1080B0000021286801F056FC800709D46068401C44
:1080C00060601E2804D366600221286801F078FCF5
:1080D0000021286801F046FCC0050AD4206A401C33
:1080E0002062B84205D326624FF48071286801F0FF
:1080F00067FC0021286801F035FC80050AD4606A1D
:10810000401C60620A2805D366624FF4007128683B
:1081100001F056FC0021286801F024FC40050AD437
:10812000A06A401CA0621E2805D3A6624FF480619D
:10813000286801F045FC0B480021006801F012FCA2
:10814000C00702D0E06A401CE0622068401C20604A
:108150002868BDE8F041012101F032BC0C0100208B
:1081600028800020080100200148FCF71BBF000008
:108170008804002010B5806B0021C185C184FCF704
:108180000FFF10BD01680C3151E8002F22F49072EE
:1081900041E80023002BF5D10168143151E8002F8C
:1081A00022F0010241E80023002BF5D1016B0129E7
:1081B00009D101680C3151E8002F22F0100241E88A
:1081C0000023002BF5D1202180F83E10002101630F
:1081D000704708B590F83E10222901D0022008BD52
:1081E00082684FF480539A4201D1016921B1816ABA
:1081F0009A421BD04AB10AE00268816A5268C2F30F
:1082000008020A80816A891C08E0026972B102686A
:10821000526802F07F020A70816A491C8162C18D36
:10822000491E0904090CC18503D019E0026852688F
:10823000F1E70168CA6822F02002CA600168CA68D2
:1082400022F48072CA6001684A6922F001024A6120
:10825000202180F83E10016B012903D0FDF7F0F8D2
:10826000002008BD0021016301680C3151E8002F96
:1082700022F0100241E80023002BF5D101680A68C2
:10828000D20602D50A6849680091818DFCF787FE05
:10829000E6E7000070B5044600680169E26821F471
:1082A0004051114301612169A068E2690843616995
:1082B000114308432168CA6849F20C639A43024398
:1082C000CA6020684169A26921F44071114341618B
:1082D00031492068884202D03049884202D1FCF7F7
:1082E00077F901E0FCF764F9E269002319216425BC
:1082F0003226B2F5004F626828D0A0FB0101930F2F
:108300009200F8F72FF80146B0FBF5F06FF0180275
:10831000504301EB800006EB0010B0FBF5F000F0DD
:10832000F002B1FBF5F002EB0012B1FBF5F06FF0DB
:108330001803584301EB800006EB0010B0FBF5F08A
:1083400000F00F0021681044886070BDA0FB01019F
:1083500092185B41F8F706F80146B0FBF5F0020110
:10836000B1FBF5F06FF01803584301EB800006EB0A
:10837000C000B0FBF5F000F0F80002EB4002B1FBEA
:10838000F5F0584301EB800006EBC000B0FBF5F0C0
:1083900000F00700D6E70000001001400014014083
:1083A00081628285C28500210164222280F83E20FC
:1083B00080F83C100168CA6842F48072CA600168A3
:1083C0004A6942F001024A610068C16841F0200137
:1083D000C160002070472DE9F041984617460E46CF
:1083E0000446069D27E0681C25D02DB1FBF7A6FAB0
:1083F000A0EB0800A8421ED920680C3050E8001FEE
:1084000021F4D07140E80012002AF5D12068143020
:1084100050E8001F21F0010140E80012002AF5D1C8
:10842000202084F83D0084F83E00002084F83C00C1
:108430000320BDE8F0812068006836EA000004D01F
:108440000020B842CFD00020F3E70120F9E7000078
:108450000148FCF7A7BD0000547F0020FEE703B4ED
:1084600001984100009850EAC12018BF04204A0D2D
:1084700018BF40F0010040F2FF72B2EB515F08BF3D
:1084800040F00200012808BF052002B0704709072C
:10849000090E002804DB00F1E02080F8001470478A
:1084A00000F00F0000F1E02080F8141D704700007C
:1084B00070B5D94B00242DED020B2DED108BDDE9AD
:1084C0001010984205DA20F000429A4201D809D1F2
:1084D00041B19DED100BBDEC108B02B0BDE87040BA
:1084E00000F05EBAB0F5801F26DA11430BD00028E9
:1084F00013DA0120F8F77AFBBDEC108B02B0BDE86F
:10850000704000F059BA0220F8F770FB00F030FA22
:1085100051EC100B02F032F89EE06FF035049FED45
:10852000C00B53EC102B9DED100B51EC100B02F017
:10853000C3FACDE91001084604EB2051C0F313043F
:10854000B948A1F2FF31204400F4801080F07F622E
:1085500082F04052224301EB20559FEDB50B119262
:1085600053EC102B9DED100B51EC100B02F0AEFBF9
:1085700041EC180BA01CC0F313009FEDAFDB9FED87
:10858000B0EBB14E7E4403286CD296ED000B51EC5B
:10859000180B53EC102B02F03BFA1DD1002D01BF3C
:1085A00096ED000BBDEC108B02B070BD284602F0BA
:1085B0006BFA41EC180B53EC1D2B02F07DFA41ECE9
:1085C000190B53EC1E2B51EC180B02F075FA53ECFF
:1085D000192B02F011F83FE09FED9D0B51EC180BA9
:1085E00053EC102B02F068FA9FED9B1B53EC112B00
:1085F00002F060FB41EC190B53EC182B51EC180BFB
:1086000002F05AFA53EC192B02F056FA41EC190B0E
:10861000002D04BF53EC192B51EC180B1AD028462F
:1086200002F032FA41EC1A0B53EC1D2B02F044FA23
:1086300053EC192B02F03EFB53EC182B02F046FBD7
:1086400041EC180B53EC1E2B51EC1A0B02F034FAD0
:1086500053EC182B02F03AFBBDEC108B02B041EC4E
:10866000100B70BD9FED7E0B51EC180B53EC102BD3
:1086700001F0C2FF41EC100B51EC180B53EC102B26
:1086800002F06EF841EC190B284602F0FDF941ECBE
:108690001B0B53EC192B51EC190B02F00DFA41ECAA
:1086A0001A0B714853EC1A2B261851EC1A0B02F0D6
:1086B00003FA41EC1F0B6D48C4F1510404F5D724B3
:1086C000B0EE4F0AF0EE6F0A0321784400F0D2F8C2
:1086D00053EC1F2B51EC100B02F0EEF941EC1C0B8C
:1086E0006348B0EE4F0AF0EE6F0A0421784400F0C0
:1086F000C1F853EC1A2B51EC100B02F0DDF93443A6
:1087000053EC1C2B01F078FF41EC1C0B002C4CDDD2
:108710009FED510B51EC180B53EC102B02F0CCF9E0
:1087200053EC182B02F0C8F941EC1A0B55B353EC7B
:108730001D2B51EC1B0B02F0BFF941EC1D0B53EC50
:108740001C2B51EC1A0B01F057FF53EC192B02F0C4
:10875000B3F953EC1D2B01F04FFF53EC1A2B02F031
:10876000A9FA53EC182B02F0B1FA41EC180B53ECB8
:108770001E2B51EC1B0B02F09FF953EC182B02F04F
:10878000A5FA69E753EC1C2B51EC1A0B01F034FFEE
:1087900053EC192B02F090F953EC1A2B02F08AFAE1
:1087A00053EC182B02F086FA56E735B353EC1D2B29
:1087B00051EC1B0B02F080F941EC1A0B53EC1C2B13
:1087C00051EC180B02F082FA53EC192B02F074F9F9
:1087D00053EC1A2B02F07AFA53EC182B02F076FACB
:1087E00041EC180B53EC1E2B51EC1B0B02F064F9FF
:1087F00053EC182B02F06AFA2EE753EC1C2B51ECC9
:10880000180B02F063FA53EC192B02F055F953ECF4
:10881000182B02F04FFA1FE70000F07F0000000065
:108820000000000000005043645F090000000000E9
:10883000000000000000F03F763C7935EF39EA3D5A
:108840000000E0FE422EE63F602C00000000000029
:10885000555555555555D53F000000000000E03FE7
:10886000000000000000004086EBF9FFE22A000053
:10887000D82A000070B504462DED028B4D1E00EB8A
:10888000C500B0EE408AF0EE608A90ED000B35F046
:10889000060017D053EC182B51EC100B02F00CF91A
:1088A00041EC100B6D1E04EBC50090ED001B51EC6C
:1088B000100B53EC112B01F09FFE41EC100B35F027
:1088C0000600E7D1022D36D0042D1CD0062D1CBF8A
:1088D000BDEC028B70BD53EC182B51EC100B02F069
:1088E000EBF894ED0A1B53EC112B01F085FE53ECD1
:1088F000182B02F0E1F894ED081B53EC112B01F05A
:108900007BFE41EC100B53EC182B51EC100B02F0DA
:10891000D3F894ED061B53EC112B01F06DFE53ECD4
:10892000182B02F0C9F894ED040B53EC102B01F056
:1089300063FE41EC100B53EC182B51EC100B02F0C2
:10894000BBF894ED021B53EC112B01F055FE53ECD8
:10895000182B02F0B1F894ED001B53EC112B01F031
:108960004BFEBDEC028B41EC100B70BD0000000013
:108970009FED070B10B553EC102B9FED070B51EC3F
:10898000100B01F0EDFE41EC100B10BD00000000DB
:108990000000000000000000000000000000F03FA8
:1089A00010B553EC102B51EC100B01F025FE41ECEF
:1089B000100B10BD000000009FED050B10B553EC2F
:1089C000102B51EC100B01F0CBFE41EC100B10BD45
:1089D000000000000000000030380A2801D2012009
:1089E0007047002070470000DFED171A40F6FF7156
:1089F000B0F5805F00D3084601EE100A9FED132A00
:108A0000B8EE411A61EE211A81EE821A9FED102A0A
:108A1000C1EE021AB6EE001A71EEC11A30EE411A1A
:108A200081EE810A20EE200AB5EEC00AF1EE10FABE
:108A300001D29FED080AB4EEE00AF1EE10FA01DD72
:108A4000B0EE600A704700003333534000F07F45BA
:108A50009A99193F0000000010B5DFED2C0A9FED38
:108A60002C1A40F6FF71B0F5805F00D3084600EE87
:108A7000100A9FED282A2849B8EE400A60EE201A15
:108A800081EE820A10EE100A884202DA4FF47A7000
:108A900010BD70EEC01AC0EE210A60EE810A80EEB1
:108AA000810A10EE100A02F0FBF941EC100BFFF7FF
:108AB000FFFC9FED1A1B51EC100B53EC112B01F036
:108AC0004FFE9FED181B53EC112B01F095FD01F0AB
:108AD00061FD00EE100AB7EE001A1548C1EE000A5B
:108AE0009FED120AB2EE041A30EEC00AF6EE000A4A
:108AF00040EE010ABDEEE00A10EE101A8142C7DB1B
:108B00004FF4FA608142C3DC08B210BD33335340E6
:108B100000401C4600F07F456F12833A00000000C1
:108B200000DCAE40000000E0E1796B3F3393884306
:108B300018FCFFFF10B5DFED2C0A9FED2C1A40F654
:108B4000FF71B0F5805F00D3084600EE100A9FED7C
:108B5000282A2849B8EE400A60EE201A81EE820ADF
:108B600010EE100A884202DA4FF47A7010BD70EEEF
:108B7000C01AC0EE210A60EE810A80EE810A10EE72
:108B8000100A02F08DF941EC100BFFF791FC9FEDFC
:108B90001A1B51EC100B53EC112B01F0E1FD9FED72
:108BA000181B53EC112B01F027FD01F0F3FC00EE34
:108BB000100AB7EE001A1548C1EE000A9FED120A1E
:108BC000B2EE041A30EEC00AF6EE000A40EE010AD8
:108BD000BDEEE00A10EE101A8142C7DB4FF4FA60D6
:108BE0008142C3DC08B210BD3333534000504347C9
:108BF00000F07F456F12833A0000000000DCAE40B9
:108C0000000000E0E1796B3F3393884318FCFFFFDD
:108C1000DFED140A144A154960EE200A10EE900A9E
:108C2000904202DADFED120A05E010EE900A884267
:108C300001DDDFED100A9FED101A9FED100A01EE25
:108C4000200A9FED0F1A00EE201A9FED0E0A01EE8A
:108C5000200A9FED0D1A00EE201A9FED0C0A01EE7E
:108C6000200A7047CDCCCC3DE17A143FC3F5E840F3
:108C7000E17A143FC3F5E84055875C3CB29D9FBE46
:108C800023A137408A1F5EC16FBE3642550090C295
:108C900070B5194900F0070001EB8004207810B38B
:108CA0005FF00002154D4FF400612846FAF741FECF
:108CB0006078D0B15FF000024FF480612846FAF787
:108CC00038FEA07898B100224FF400712846FAF7D8
:108CD00030FEE07868B100222846BDE870404FF4CD
:108CE0008071FAF726BE0122DCE70122E4E70122C7
:108CF000EAE70122F0E7000009B10008000C024099
:108D0000EFF30580002800D001207047FBF738FA08
:108D1000FDF7D6FCFDF74CF9FDF78CF8FDF7ACF943
:108D2000FDF71CFAFDF7C8F9FDF704F8F9F752FB57
:108D3000FDF7AEF800F00EF8FEE7014600208429AA
:108D400000D0C81C704710B500B9012000F06EFCBF
:108D5000002010BD10B500F083FD002010BD41685B
:108D60004FF0010009B100F0F6BE00F0E9BE0000CE
:108D700038B5002405460094FFF7C2FF90B169465C
:108D8000284601F03DF8012801D0FF2038BD0098A9
:108D900088B10A494FF080500860BFF34F8FBFF38E
:108DA0006F8F08E000231A461946284600F078FF26
:108DB000012800D0FF24204638BD000004ED00E06B
:108DC00038B505004FF0000000900FD00024481C7B
:108DD0000ED001B10C46FFF793FFB8B16A460021EF
:108DE000284601F05BF8012816D104E0802038BD48
:108DF0004FF0FF34EFE7009880B109494FF0805001
:108E00000860BFF34F8FBFF36F8F07E021462846FE
:108E100001F092F8012801D0FF2038BD002038BDB4
:108E200004ED00E07FB50D4604464169B0F9080045
:108E300081B1A16971B1FFF780FFD4E905128DE816
:108E40000700D4E900102B46226901F098F903903D
:108E500004B070BDFFF771FF03A9CDE90001208ABE
:108E60002B4682B2D4E9001001F05CF9012801D050
:108E70000020EDE70398EBE72DE9F041184C0F4691
:108E80000546E6682068001D00F0DCFA38B9206865
:108E900090F82C1001208840216981432161681CD1
:108EA00007D137B12168BDE8F0410E48091D00F037
:108EB0000EBB20683544B5424560216805D2A06BE1
:108EC000BDE8F041091D00F0EABA606B091D00F031
:108ED000E6FAA06A854200D2A562BDE8F0810000F2
:108EE00040000020B00600202DE9F041054600F0CA
:108EF000FBFA2E4CA068401CA06020682C4F10B1DB
:108F0000606940B32DE02560A068012829D10026C2
:108F100006EB860007EB800000F0B3FA761C072E04
:108F2000F6D323488C3000F0ACFA2148A03000F092
:108F3000A8FA1F48B43000F0A4FA1D48C83000F069
:108F4000A0FA1B48DC3000F09CFA19488C306063B2
:108F50001430A06305E02068E96AC06A884200D83E
:108F60002560606A401C6062E96A012022698840CD
:108F70001043206101EB810007EB8000291D00F008
:108F8000A6FA00F0D1FA606900280CD02068E96ADE
:108F9000C06A884207D207494FF080500860BFF38B
:108FA0004F8FBFF36F8FBDE8F081000040000020BD
:108FB000D405002004ED00E030B4026C0B46002A1A
:108FC0000BD0C1681144C1608468A14201D301681B
:108FD000C16030BC1846F7F739BD30BC70472DE989
:108FE000F041856B174604460026026C82B1C7B17A
:108FF000E068F7F72BFDE168206C091AE160226850
:10900000914202D2A168081AE060022F16D017E040
:109010002068A8B9A06801F057F906460020A060B2
:109020000EE06068F7F712FD216C6068084460602C
:10903000A168884204D32068606001E005B16D1E1C
:109040006D1CA5633046BDE8F08110B5044690F86C
:10905000510058B101280CD002280FD0502080F3C5
:109060001188BFF34F8FBFF36F8FFEE7206B00F0C7
:109070006FFA2046BDE8104000F06ABA10BD00004B
:1090800010484FF4F041420706D0C01D0D4920F0B2
:109090000700411AC1F5F0410B4A00230144C2E91F
:1090A00000030839183A21F0070111604B600B608A
:1090B0000B1AC0E9001393604FF0004053605061F9
:1090C00070470000C406002094000020144E154C88
:1090D000A6F1C8074FF08058DFF84C9012E000BFAF
:1090E00000F002FAF068C568281D00F0ABF9A0682E
:1090F000401EA0606068401E606000F015FA2846BF
:10910000FFF7A3FF60680028EAD138680128F9D981
:10911000C9F80080BFF34F8FBFF36F8FF2E70000F5
:109120009C0600204000002004ED00E0002807D04D
:109130000021816001600B460A46C16000F0B0BDAD
:1091400070470346009829B10260C0E90F31012140
:1091500000F062BD0060F8E72DE9F05F8846DDE9C8
:109160000B941546834691009A460A9EA522206BD1
:10917000F7F7E3FC6FF00301206B01EB8501084476
:1091800020F00707780707D0502080F31188BFF33D
:109190004F8FBFF36F8FFEE70025B8F1000F0FD0A0
:1091A0005FF00000221818F8001082F8341018F848
:1091B000001011B1401C1028F4D384F8435001E092
:1091C00084F83450072E00D30626E662C4E9116500
:1091D000201D00F061F904F1180000F05DF9246130
:1091E000C6F107006462A061E56484F850505246FD
:1091F0005946384600F010F92060B9F1000F01D04F
:10920000C9F80040BDE8F09F30B5114900E01146B3
:109210000A688242FBD34B685C18844203D14068E1
:1092200018444860084643681C18944209D1084C09
:10923000183C2468A24209D052681A4442600A6865
:1092400012680260814200D0086030BD0460F9E716
:109250009400002010B5044600F046F9A06B28B138
:109260005FF0000400F060F9204610BD0124F9E72A
:109270000648416B096829B1416BC968C9684968EA
:10928000816270474FF0FF31FAE700004000002094
:1092900008484068401C4FF0500080F3118804D00B
:1092A000BFF34F8FBFF36F8FFEE7BFF34F8FBFF357
:1092B0006F8FFEE79C0000202DE9F041044600F08E
:1092C00013F994F9455004F1240609E0606A48B1A5
:1092D000304601F08BF808B100F01CFA6D1E6DB23B
:1092E000002DF3DC4FF0FF3684F8456000F01CF9E8
:1092F00000F0FAF894F9445004F1100709E02069ED
:1093000048B1384601F072F808B100F003FA6D1E5A
:109310006DB2002DF3DC84F84460BDE8F04100F04C
:1093200003B900002DE9F0410546002700F0CEFA10
:10933000324E306808B9FFF7A3FE706905424ED17E
:10934000C5B3083568070ED005F00700C0F1080066
:109350000544680707D0502080F31188BFF34F8F72
:10936000BFF36F8FFEE72DB37068854237D823486F
:10937000183001460C6801E020460C466168A9429D
:1093800002D221680029F7D131688C4227D00768C2
:109390002168016060680837411B10290FD96019E6
:1093A000420708D0502080F31188BFF34F8FBFF3DE
:1093B0006F8FFEE713E041606560FFF725FF61688E
:1093C0007068401A7060B268904200D2B0607069F4
:1093D00001430020C4E90001F068401CF06001F086
:1093E0003FF8780707D0502080F31188BFF34F8FE4
:1093F000BFF36F8FFEE73846BDE8F0817C000020A8
:109400000449086818B10868826C521C82640868B4
:10941000704700004000002010B5031F4FF080741B
:109420001C601B1F21F001011960191F044B0B6008
:1094300014390A60091F6FF0020244380A6010BD37
:1094400091920008D0E9013201699A60D0E90123C4
:109450005A604A68824201D182684A6000220261F1
:109460000868401E0860086870470000034B0360EE
:1094700003F154000860802010607047180100203C
:10948000FEE700F108014FF0FF32C0E90112C160B0
:10949000016100210160704700210161704730B512
:1094A0000B685A1C02D000F1080202E0026904E0D5
:1094B0002246546825689D42FAD953684B609960EA
:1094C0008A60516008610168491C016030BD4268D2
:1094D0004A6093688B609368596091600861016885
:1094E000491C016070470000502080F31188BFF3D1
:1094F0004F8FBFF36F8F0A494868401C48600128AE
:109500000CD10848006810F0FF0F07D0502080F3FE
:109510001188BFF34F8FBFF36F8FFEE770470000D6
:109520009C00002004ED00E00849486828B1401E76
:10953000486001D180F311887047502080F3118872
:10954000BFF34F8FBFF36F8FFEE700009C0000203A
:1095500070B500282AD0164DA0F10804606869692A
:10956000084207D1502080F31188BFF34F8FBFF31B
:109570006F8FFEE722683AB1502080F31188BFF365
:109580004F8FBFF36F8FFEE78843606000F09EF956
:1095900060686968084468602046FFF735FE2869FE
:1095A000401C2861BDE8704000F05ABF70BD00004B
:1095B0007C0000204FF0E02000210161816105491D
:1095C0004FF47A720968B1FBF2F1491E416107213B
:1095D000016170473C00002010B5F6F79FFE11496D
:1095E00010280ED300F1E02090F8F0030A789042A2
:1095F00007D2502080F31188BFF34F8FBFF36F8FD6
:10960000FEE709480068896800F4E060884207D9ED
:10961000502080F31188BFF34F8FBFF36F8FFEE7A9
:1096200010BD00009C0000200CED00E010B5020011
:1096300014D00F48006B38B1502080F31188BFF36D
:109640004F8FBFF36F8FFEE700F040F90021104607
:10965000FFF712FC00F004FF002807D105494FF086
:1096600080500860BFF34F8FBFF36F8F10BD0000B5
:109670004000002004ED00E070B50D4604000BD062
:1096800095B11E4A106BB8B1502080F31188BFF31A
:109690004F8FBFF36F8FFEE7502080F31188BFF329
:1096A0004F8FBFF36F8FFEE7502080F31188BFF319
:1096B0004F8FBFF36F8FFEE700F008F9D268236881
:1096C0005919934204D98B420AD9914202D807E032
:1096D0008B42FAD9881A21600021FFF7CDFB00E008
:1096E000216000F0BDFE002807D105494FF08050F1
:1096F0000860BFF34F8FBFF36F8F70BD4000002035
:1097000004ED00E002490A6A0260C96841607047DE
:109710004000002001490120C8617047400000203E
:1097200010B50C4650B1094909681831FFF7B7FE6A
:109730002046BDE810400121FFF79EBB502080F37A
:109740001188BFF34F8FBFF36F8FFEE740000020FB
:1097500070B5040047D0A26CA2B1606C884200D3FF
:109760000146E06A88423ED0012A3CD11E4D2A685B
:1097700094420FD1502080F31188BFF34F8FBFF375
:109780006F8FFEE7502080F31188BFF34F8FBFF338
:109790006F8FFEE7E162A269002A02DBC1F10701D7
:1097A000A161124E00EB8000616906EB80008142EE
:1097B00019D1201DFFF746FE012130B994F82C0085
:1097C0002A6901FA00F082432A61E06A2A6981402D
:1097D0001143296100EB800006EB8000211DBDE8EC
:1097E0007040FFF774BE70BD40000020D40500201B
:1097F00070B5194E326BFAB141F000410160C46896
:1098000014B3FFF71FFE201DFFF71CFEE16A0125C0
:10981000326905FA01F01043306101EB81000F4914
:1098200001EB8000211DFFF752FEE06A3168C96A32
:10983000884200D9F56170BD502080F31188BFF3D4
:109840004F8FBFF36F8FFEE7502080F31188BFF377
:109850004F8FBFF36F8FFEE740000020D40500203C
:1098600010B586B00024039405AA04A903A80494A3
:10987000FFF7FCFDDDE903010094CDE901100023B1
:109880000EA11048059A00F07AFC0F490028C86222
:1098900011D0502080F31188BFF34F8FBFF36F8F2B
:1098A0004FF0FF30886201204861CC6006B0BDE80F
:1098B000104000F0CBB806B010BD000049444C4544
:1098C00000000000CD900008400000200248016B1D
:1098D000491C0163704700004000002010B51F4C78
:1098E000206B10B10120E06110BD0020E061206814
:1098F0004FF0A531006B02688A4208D142688A4263
:1099000005D182688A4202D1C068884204D02168A9
:1099100020683431FFF7B4FD20691149B0FA80F0B6
:10992000C0F11F0000EB800051F820206AB101EB6C
:10993000800000F10802416849684160914201D10C
:1099400049684160C868206010BD502080F31188CC
:10995000BFF34F8FBFF36F8FFEE700004000002082
:10996000D405002070B50E46040009D0300E0FD08B
:10997000502080F31188BFF34F8FBFF36F8FFEE746
:10998000502080F31188BFF34F8FBFF36F8FFEE736
:10999000FFF7AAFD256825EA06002060FFF7C4FD51
:1099A000284670BD70B51C20FFF7BCFC040005D034
:1099B0000025201D2560FFF764FD2576204670BD3B
:1099C0002DE9F0410027884604000AD05FEA1860BC
:1099D0000FD0502080F31188BFF34F8FBFF36F8FEC
:1099E000FEE7502080F31188BFF34F8FBFF36F8FD6
:1099F000FEE7261D04F10C05FFF768FF2168F068FB
:109A000041EA0801216017E0D0E9001601F07F4229
:109A10005301236821F07F4102D40B4203D10AE0B5
:109A200031EA030307D1D20100D50F43216841F089
:109A30000071FFF7DDFE3046A842E5D12068B8434B
:109A4000206000F00DFD2068BDE8F0811CB53748AE
:109A50000168374A914207D1502080F31188BFF343
:109A60004F8FBFF36F8FFEE700683149491E884270
:109A700007D1502080F31188BFF34F8FBFF36F8F52
:109A8000FEE72C4908780190FF20087008788DF8CF
:109A900000009DF800009DF8002000F0F0009042CA
:109AA00007D0502080F31188BFF34F8FBFF36F8F23
:109AB000FEE79DF80000204C00F0500020700720C9
:109AC000A06005E09DF8002052008DF80020401EA7
:109AD0009DF800201206F5D4A060032807D050207E
:109AE00080F31188BFF34F8FBFF36F8FFEE74FF402
:109AF0004070A060019808700C482030016841F463
:109B000070010160016841F070410160FFF752FD92
:109B100000206060F6F7CAFB0848016841F0404148
:109B20000160F6F7AFFB00201CBD000000ED00E077
:109B300071C20F4100E400E09C00002034EF00E01F
:109B400010B502460021012000F012F80446FFF78C
:109B5000EDFA204610BD38B50B46002200901146A4
:109B6000012000F026F80446FFF7E0FA204638BD51
:109B7000F8B517460E46050013D005FB06F0483031
:109B8000FFF7D0FB04000AD0002084F8460004F15F
:109B900048023B46314628460094FFF7D2FA204659
:109BA000F8BD502080F31188BFF34F8FBFF36F8F44
:109BB000FEE738B5049D18B153B1CAB181B120E0B8
:109BC000502080F31188BFF34F8FBFF36F8FFEE7F4
:109BD000502080F31188BFF34F8FBFF36F8FFEE7E4
:109BE000502080F31188BFF34F8FBFF36F8FFEE7D4
:109BF00039B1502080F31188BFF34F8FBFF36F8FBF
:109C0000FEE748241C46012384F846302B46009486
:109C1000FFF797FA204638BD70B50D46040025D0F1
:109C2000FFF762FCD4E90F20216802FB0011A1605C
:109C30000021A163216861600A46D4E90F01401E3A
:109C400000FB0121E16021464FF0FF3001F8440F95
:109C5000487004F110008DB1FFF713FC04F12400EB
:109C6000FFF70FFCFFF760FC012070BD502080F370
:109C70001188BFF34F8FBFF36F8FFEE72169002973
:109C8000F0D000F0B3FB0028ECD004494FF0805036
:109C90000860BFF34F8FBFF36F8FE3E704ED00E081
:109CA0002DE9FF4782B01D468A464FF000080400A8
:109CB00003D0BAF1000F08D011E0502080F31188D2
:109CC000BFF34F8FBFF36F8FFEE7206C38B150208A
:109CD00080F31188BFF34F8FBFF36F8FFEE7022D24
:109CE0000AD1E06B012807D0502080F31188BFF320
:109CF0004F8FBFF36F8FFEE700F06CFA3F4F4FF0CE
:109D000000094FF0805648B9049838B1502080F3CC
:109D10001188BFF34F8FBFF36F8FFEE7FFF7E4FBB0
:109D2000A06BE16B884207D3022D05D00498D0B117
:109D3000B8F1000F1AD01EE02A4651462046FFF720
:109D40004EF9616A19B104F1240000F04FFB20B113
:109D50003E60BFF34F8FBFF36F8FFFF7E5FB01202E
:109D600006B0BDE8F087FFF7DFFB22E06846FFF7AB
:109D7000C9FC4FF00108FFF7D7FBFFF7A7FDFFF77E
:109D8000B3FB94F94400401C01D184F8449094F949
:109D90004500401C01D184F84590FFF7C5FB04A99C
:109DA000684600F085F930B12046FFF785FA00F0EB
:109DB00057FB0020D4E7FFF797FBA06BE16B8842CD
:109DC00013D1FFF7B1FB04F110000499FFF7A8FCD1
:109DD0002046FFF771FA00F043FB00289ED13E6059
:109DE000BFF34F8FBFF36F8F98E7FFF79DFB2046C0
:109DF000FFF762FA00F034FB90E7000004ED00E0AA
:109E000070B50E46040009D0206C78B1502080F364
:109E10001188BFF34F8FBFF36F8FFEE7502080F3A1
:109E20001188BFF34F8FBFF36F8FFEE7206848B9EB
:109E3000A06838B1502080F31188BFF34F8FBFF373
:109E40006F8FFEE7FFF7C8FB5020EFF3118580F31B
:109E50001188BFF34F8FBFF36F8FA16BE06B884208
:109E600018D994F94500491CA163411C04D0401C39
:109E700084F8450001200EE0606A0028FAD004F161
:109E8000240000F0B3FA0028F4D0002EF2D0012014
:109E90003060EFE7002085F3118870BD2DE9F047B1
:109EA00090468946040003D0B9F1000F08D011E0B4
:109EB000502080F31188BFF34F8FBFF36F8FFEE701
:109EC000206C38B1502080F31188BFF34F8FBFF35F
:109ED0006F8FFEE7FFF780FB5020EFF3118680F3D2
:109EE0001188BFF34F8FBFF36F8FA76BF7B194F952
:109EF000445049462046FFF75FF87F1EA763681C61
:109F000004D06D1C84F84450012010E02069002822
:109F1000FAD004F1100000F069FA0028F4D0B8F18A
:109F2000000FF1D00121C8F80010EDE7002086F302
:109F30001188BDE8F08700002DE9F343002683B0C7
:109F40000400354609D0206C78B1502080F3118888
:109F5000BFF34F8FBFF36F8FFEE7502080F3118860
:109F6000BFF34F8FBFF36F8FFEE700F033F9DFF8D9
:109F70003C814FF000094FF0805748B9049838B140
:109F8000502080F31188BFF34F8FBFF36F8FFEE730
:109F9000FFF7AAFAA06BC8B1401EA063206810B9F1
:109FA000FFF72EFAA060206950B104F1100000F014
:109FB0001DFA28B1C8F80070BFF34F8FBFF36F8F41
:109FC000FFF7B2FA012005B0BDE8F083049808B1AC
:109FD00066B10FE03DB1502080F31188BFF34F8F81
:109FE000BFF36F8FFEE7FFF79FFA5DE06846FFF76C
:109FF00089FB0126FFF798FAFFF768FCFFF774FA70
:10A0000094F94400401C01D184F8449094F945002F
:10A01000401C01D184F84590FFF786FA04A96846F0
:10A0200000F046F80028204612D0FFF745F900F06E
:10A0300017FA2046FFF70EF90028A9D09DB3FFF7C5
:10A0400053FA606A50B3206B0068C0F1070126E044
:10A05000FFF700F9E0B1206838B9FFF745FAA068CA
:10A0600000F07EF90546FFF75FFA04F12400049939
:10A07000FFF756FB2046FFF71FF900F0F1F9002823
:10A0800086D1C8F80070BFF34F8FBFF36F8F7FE7A3
:10A090002046FFF711F900F0E3F979E70021A06805
:10A0A000FFF756FB9FE7FFE700208CE704ED00E099
:10A0B0002DE9F0410C46050011D0C4B1FFF714FAA8
:10A0C000174BDA686E682068911B471C17D02F6801
:10A0D0001B6A9F4219D0964217D8012410E05020E5
:10A0E00080F31188BFF34F8FBFF36F8FFEE75020CF
:10A0F00080F31188BFF34F8FBFF36F8FFEE700240B
:10A10000FFF712FA2046BDE8F081884205D9401ACF
:10A1100020602846FFF7F6FAF1E700202060DCE730
:10A12000400000202DE9FF5F8346DDE90E87994658
:10A1300016468A469000FFF7F5F805001CD054201B
:10A14000FFF7F0F8040014D00020256384F85100D4
:10A15000CDE90240CDE900874B463246514658468C
:10A16000FEF7FAFF2046FEF7BFFE012004B0BDE86F
:10A17000F09F2846FFF7ECF94FF0FF30F6E7F0B517
:10A1800085B0DDE90B640A9DA6B1DCB154270097C8
:10A190002663022684F85160002604AFCDE902460A
:10A1A000CDE90057FEF7D8FF2046FEF79DFE049844
:10A1B00005B0F0BD502080F31188BFF34F8FBFF37F
:10A1C0006F8FFEE7502080F31188BFF34F8FBFF3EE
:10A1D0006F8FFEE70548416919B1006B18B1002087
:10A1E00070470120704702207047000040000020A7
:10A1F0000148C06870470000400000202DE9F04190
:10A200002F4C0026206B28B1A069401CA06130466D
:10A21000BDE8F081E5686D1CE56013D1606B0068F6
:10A2200038B1502080F31188BFF34F8FBFF36F8F89
:10A23000FEE7606BA16B6163A063206A401C206233
:10A24000FFF716F8A06ADFF87C80854209D3606BBF
:10A250000068A0B1606BC068C7687868854211D299
:10A26000A0622068C06A00EB800158F82100012834
:10A2700000D90126E0690028C9D00126C7E74FF0C0
:10A28000FF30EDE7381DFFF7DDF8B86A18B107F1C8
:10A290001800FFF7D7F8F96A0120226988401043B7
:10A2A000206101EB810108EB8100391DFFF70FF9F7
:10A2B000F86A2168C96A8842C9D30126C7E7000045
:10A2C00040000020D405002070B504004FF00001CC
:10A2D00040D0214D2868844207D0502080F3118857
:10A2E000BFF34F8FBFF36F8FFEE7A06C38B1401EF6
:10A2F000A064636CE26A9A422CD040B12AE05020FC
:10A3000080F31188BFF34F8FBFF36F8FFEE7201DDF
:10A31000FFF798F8114A012150B9E06A00EB800379
:10A3200052F8233023B92B6901FA00F083432B61E3
:10A33000606CE062C0F10700A061E06A2B698140B7
:10A340001943296100EB800002EB8000211DFFF71B
:10A35000BEF80121084670BD40000020D405002051
:10A3600070B504004FF0000034D01E4DE16A2A6839
:10A37000D26A91422FD2A069002804DB2868C06A03
:10A38000C0F10700A061184E01EB8101606906EB86
:10A39000810188421AD1201DFFF754F8012130B9FC
:10A3A00094F82C002A6901FA00F082432A61286897
:10A3B000C06AE0622A6981401143296100EB800094
:10A3C00006EB8000211DFFF782F802E02868C06AD2
:10A3D000E062012070BD616C2A68D26A9142F8D3B4
:10A3E00070BD000040000020D40500202DE9F041A0
:10A3F000C068C468ACB104F118000746FFF722F842
:10A40000154D286B0126A0B139461448FFF75FF8B7
:10A41000E06A2968C96A88421CD90120EE61BDE85A
:10A42000F081502080F31188BFF34F8FBFF36F8FFF
:10A43000FEE7201DFFF706F8E16A2A6906FA01F037
:10A440001043286101EB81000449B43901EB80001D
:10A45000211DDBE70020E2E7400000208806002005
:10A460002DE9F0472C4D00242746286B38B1FFF723
:10A470003BF8286B401E2863286B40B146E0502013
:10A4800080F31188BFF34F8FBFF36F8FFEE7A9688A
:10A49000224E0120D1B3A6F1B40980463068E8B15C
:10A4A000F068C46804F11800FEF7CCFF201DFEF729
:10A4B000C9FFE06A2A6908FA00F11143296100EB3B
:10A4C000800109EB8100211DFFF701F8E06A29688E
:10A4D000C96A8842E2D3C5F81C80DFE70CB1FEF7F9
:10A4E000C7FEAC6944B14646FFF788FE00B1EE6195
:10A4F000641EF9D10020A861E86938B10849012734
:10A5000038070860BFF34F8FBFF36F8FFFF70CF86A
:10A510003846BDE8F0870000400000208806002093
:10A5200004ED00E010B500290AD00878002807D013
:10A5300005487844F7F73EF9002801D0002010BD07
:10A540000248784410BD0000CE0E0000C60E000088
:10A5500010B500290AD00878002807D005487844AB
:10A56000F7F728F9002801D0002010BD02487844F0
:10A5700010BD0000BE0E0000B60E000081F00041CC
:10A58000704780F00040704721F00041704720F094
:10A590000040704721F00042A2F16052B2F5801FE6
:10A5A00001F0004328BFD2F17F6C0BD95FEA001C99
:10A5B00043EAC20242EB507018BF704728BF20F038
:10A5C00001007047B2F5801FBCBF184670474FEAC4
:10A5D000410C1CF5001F02D2084600F0D7BC70B534
:10A5E00000F014FB00000089FFF7F6BF4FF00040B9
:10A5F000A0F580007047000010B591EA030F48BF36
:10A6000083F0004300F16A83841A71EB030C05D2D6
:10A61000121943EB0C03001B61EB0C01DFF824E182
:10A620004FEA1154A4EB135C1EEA430F18BF9EEAD5
:10A63000445F73D023EA0E03DCF1200E21EA0451BB
:10A6400043F4801332D322FA0CFE10EB0E0023FAEF
:10A650000CFE41EB0E01CCF1200E03FA0EFE10EBC6
:10A660000E0051F10001B1F5801FCCF1200E32D265
:10A6700001EB045112FA0EF2BDE8104058BF7047CA
:10A68000401C38BF5FEA420218BF7047002814BF61
:10A6900020F0010041F100014FEA410313F5001FD2
:10A6A00038BF7047A1F1C04100F0FEBA012A43EB68
:10A6B0000302ACF1200CDCF11F0E32BF4FF0000E94
:10A6C00023FA0CF310EB030041EB0451B4EB115FE0
:10A6D000D0D0A1EB045101F5801149085FEA3000A8
:10A6E00001EB04510ED350F1000038BF12FA0EFEF8
:10A6F00008D1BDE81040C9E7401C38BF5FEA4202FC
:10A70000CAD1C3E7BDE810404FEA410313F5001F6B
:10A7100038BF7047A1F1C04100F0C6BA9EEA445F5D
:10A7200008D011EA5E0FBDE8104004BF01F00041FF
:10A7300000207047BDE8104070B500F067FA00BF18
:10A7400064FBBE3E0000E0FF491058BFC1F140412C
:10A750005B1058BFC3F140438B42EFF3008070475A
:10A760002DE9C04130B4DFF8A0C23CEA111418BF93
:10A770003CEA131400F0EC8081EA03051CEA111492
:10A7800044EAD57418BF1CEA131500F0C780A4EB87
:10A7900005044FF0004545EAC12145EAC32341EADB
:10A7A000505143EA525304F17F74994204F5003446
:10A7B0004FEAC0204FEAC22208BF904200F09C80BE
:10A7C0004FEA13650FF24016765D4FEA134506FB1C
:10A7D00005F7C7F1807706FB07F74FEAD737A7FBE6
:10A7E00003687642C8F58038A7FB06CE38BFA8F1CB
:10A7F000010807FB08E64FF0000EA6FB028CE6FB03
:10A8000003CEDCF1000CCEF1004E38BFAEF1010EEC
:10A81000A6FB0C584FF000074FF00005E6FB0E8733
:10A82000A1FB08C6A0FB07CE16EB0E0645F10005FE
:10A83000E1FB076515F1E04E7EBFA4F580345FEAC9
:10A8400046066D4116F1800745F100054FEA1727CE
:10A850004FEA066647EA0567A6F1DE46B6F1805F75
:10A860004FEA15251FD9384624F0010C05EBC471B9
:10A87000BCF1FE6F01EB0C1102D8F0BCBDE8008109
:10A8800024425CBF01F5801E9EEAC47F02D4F0BC66
:10A89000BDE80081244238D4F0BCA1F1C041BDE83C
:10A8A000004100F001BA4FEAD22242EA43524FEA95
:10A8B000D323A7FB02864FEAD02040EA415007FB92
:10A8C00003661EEA0E0F4FEAD12105FB026658BF50
:10A8D000A6EB0056B6EB00564FEA520E4EEAC37E88
:10A8E00018EB0E0E56EB530EBDD518EB02085E4169
:10A8F0007F1C55F10005B6E74FF480154FF00007B7
:10A900004FF000064FF00008ADE7F0BC4FF000003C
:10A9100001F1C04101F00041BDE8008111EA0C1FC6
:10A920000CEA131500D00CE013EA0C1F00F0258090
:10A930004FF00000F0BC81EA030101F00041BDE8E6
:10A940000081F0BCBDE8004181EA030100F0ACB930
:10A95000F0BCBDE8004170B500F058F9097EFC3E3E
:10A9600000F007B881EA03014FF0000001F0004158
:10A97000704781EA030100F097B9F0BCBDE80041DF
:10A980004FF0000021497047FFFDFBF9F7F5F4F2A5
:10A99000F0EEEDEBE9E8E6E4E3E1E0DEDDDBDAD87A
:10A9A000D7D5D4D3D1D0CFCDCCCBCAC8C7C6C5C4D8
:10A9B000C2C1C0BFBEBDBCBBBAB9B8B7B6B5B4B3EF
:10A9C000B2B1B0AFAEADACABAAA9A8A8A7A6A5A4DA
:10A9D000A3A3A2A1A09F9F9E9D9C9C9B9A9999989E
:10A9E0009797969595949393929191908F8F8E8E41
:10A9F0008D8C8C8B8B8A89898888878786858584CE
:10AA000084838382828181800000FF070000F87FB9
:10AA100051EA030C17D41CF5801F58BFBCF5801FEA
:10AA200000F10680994218BF704708BF90427047F6
:10AA300007D711F5801F58BF13F5801F19D499420D
:10AA40007047894270471CF5801F08D5BCF5801FF0
:10AA5000F7D58B4218BF704708BF824270474FF44A
:10AA6000001C1CEB410F38BF1CEB430F01D28B4283
:10AA7000704770B500F0CAF8922449004FF00051B9
:10AA80004FF08053FFF760BE10F0004248BF4042D5
:10AA9000B0FA80F310FA03F10AD0C3F11D0303F5F5
:10AAA00080634FEA415002EB035202EBD121704721
:10AAB0004FF0000070470000DFF848C170B51CEA95
:10AAC000111E1EBF1CEA13159EEA0C0F95EA0C0F0F
:10AAD00000F06F8081EA030423EA4C134EEAD47E2F
:10AAE00021EA4C1141F4801143F48013AE44A1FBE0
:10AAF000024CA0FB0365AEF17F7E361955EB0C05C9
:10AB0000A1FB034C4CF10003A0FB021C16EB0C064E
:10AB1000654153F10003094218BF46F0010613F4E2
:10AB2000007F0BD14FEA03314FEA0530340341EA8D
:10AB3000155140EA16506FF003020AE04FEAC321B4
:10AB40004FEAC520F40241EA555140EA56506FF0F1
:10AB5000020202EB2E4201EB025585EACE710AD0C9
:10AB60005FEA440C18BF24F0004450F1000041F1AA
:10AB7000000120EAD47040F2FE7C624500D270BD34
:10AB8000A84214BF4FF080444FF04044002E08BF4D
:10AB90000024BEF1806FA8BFA1F1C041BDE87040A4
:10ABA00080F282804FF0000001F1C04101F00041CD
:10ABB00070479EEA0C0F0CEA131518BF95EA0C0FAC
:10ABC00006D04FF0000081EA030E0EF0004170BD88
:10ABD00000F01CF88900013E00F007B800F009B849
:10ABE0004FEA430C5FEA5C5C08D081EA030100F0A5
:10ABF0005BB84FEA410C5FEA5C5CF6D14FF00000B5
:10AC0000014970470000FF070000F87F0EF1020EB7
:10AC10002EF0030E5EF8046B364205D4012A43EB96
:10AC2000030515F5001F12D8012841EB010C1CF596
:10AC3000001F0CD80ED14FEAD17C15F5001F0CEB8C
:10AC40004C0C0CF1020C08BF4CEBD37C04E04FF031
:10AC5000080C01E04FEAD37C0CEB4C0526FA05F614
:10AC600006F00706B6F1040C06D20EEB860CBDE822
:10AC700070404CF0010C6047DFE80CF0090B020259
:10AC80004FF000414FF00000A1F5002170BD1946C2
:10AC90001046012851EB010418BFD4F5001484BFFD
:10ACA000002001F0004170BD0808A0F500114FEA36
:10ACB0003101704791EA030F10B581F000413FF573
:10ACC000A3AC83F0004300F009B8000010B591EA8E
:10ACD000030F48BF83F000433FF596AC841A71EB35
:10ACE000030C07D212198CF0004C43EB0C03001B31
:10ACF00061EB0C01DFF8A4E14FEA1154A4EB135C03
:10AD00001EEA430F18BF9EEA445F00F0B08023EABA
:10AD10006E03524221EA0451C3EB6E0338BF5B1E3F
:10AD2000DCF1200E25D322FA0CFE10EB0E0043FAC4
:10AD30000CFE41EB0E01CCF1200E03FA0EFE10EBDF
:10AD40000E0051F10001CCF1200E29D412FA0EF2BE
:10AD500001EB0451BDE8104058BF7047401C1CBFB8
:10AD6000B2F1004F704700280CBF491C20F00100D1
:10AD7000704712EB020E43EB030218BF4FF0010EB7
:10AD80004EEA4202ACF1200CDCF11E0E54D943FA1B
:10AD90000CFE10EB0E0051F1FF31CCF11E0ED5D59B
:10ADA0000EF1010E12FA0EFE404141EB010101EBE2
:10ADB000445C5FEA5C5C10D910EBDE7001EB04517F
:10ADC00038BFBEF1004FBDE8104018BF70470028E3
:10ADD0000CBF491C20F00100704730D24FEAD42C40
:10ADE00011F5001124F400641BD0B1FA81F20B3A82
:10ADF000A41AA41ED2F12003914030FA03F31943A0
:10AE0000904001EBCC71002C01EB0451BDE81040E7
:10AE1000A8BF704701F1C0414FF0000001F00041B0
:10AE20007047B0FA80F310FA03F100D110BDE41AB4
:10AE3000173C4805C90AE4E701EB045110BD49106D
:10AE400001EB0451BDE810404FEA300002E04FF042
:10AE5000000170474A0008BF0042F8D0B2F5001F59
:10AE600028BF704701F000414FF0000070479EEA94
:10AE7000445F07D011EA5E0FBDE8104004BF002117
:10AE800000207047BDE8104070B5FFF7BFFE00BF5F
:10AE900040DFF63E83F00041104670470000E0FFBF
:10AEA00043004FEAD30C4FEA3C0C43401FBF40071E
:10AEB0000CF1605113F0FE4F70471CF0006F03D18E
:10AEC00000200CF0004170470CF0004343EA507042
:10AED00010B540EACC0000F00EF800BF0000009270
:10AEE0004FEA0001FFF7E0BE4FF000414FF00000D5
:10AEF000A1F5002170470EF1020E2EF0030E5EF850
:10AF0000044B244204D44FEA4102B2F17F4F11D8DE
:10AF10004FEA4003B3F17F4F0CD80ED14FEAD07CFB
:10AF2000B2F17F4F0CEB4C0C0CF1020C08BF4CEB58
:10AF3000D17C04E04FF0080C01E04FEAD17C0CEB2F
:10AF40004C0324FA03F404F00704B4F1040C06D211
:10AF50000EEB840CBDE810404CF0010C6047DFE8BC
:10AF60000CF0070802024FF00040A0F5800010BD71
:10AF70000846420018BFD2F1807288BF00F000403E
:10AF800010BD4FF04070E1EE100A7047FF2141EA1A
:10AF9000D050C0057047F5F761BF0000A8B20008A7
:10AFA000A56500080000000000000000800000000F
:10AFB000000000000000000090B20008B165000829
:10AFC000020000000000000000040000000000007B
:10AFD00000000000D0B200085D650008FFFF00001F
:10AFE000000000000002000000000000000000005F
:10AFF0009CB2000869650008000000000000000025
:10B0000000020000000000000000000084B2000800
:10B01000BD650008FFFF0000000000000001000007
:10B020000000000000000000C0B20008D565000864
:10B03000010000000000000000010000000000000E
:10B0400000000000DCB20008C96500080000000034
:10B0500000000000000200000000000000000000EE
:10B060000CB300088165000800000000000000002B
:10B07000000200000000000000000000FCB2000818
:10B0800099650008000000000000000000010000B9
:10B090000000000000000000B4B200088D65000848
:10B0A000000000000000000000020000000000009E
:10B0B00000000000ECB20008756500080000000008
:10B0C000000000000001000000000000000000007F
:10B0D0000006101600061016000000000000000018
:10B0E000010203040607080900000000010203042E
:10B0F000FC60DAF266B6BEE0FEF6EE3E9C7A9E8E0C
:10B100006E1C3ACE0A1E7C02000000000100000105
:10B110000100000100000101000001000001010028
:10B1200000010000000100000100000000080240D2
:10B1300000020000B8B3000800080240000100004F
:10B14000B0B300080008024080000000C0B300084F
:10B150000008024040000000C8B30008000C024094
:10B1600000800000D0B30008000C02400040000046
:10B17000D8B30008303132333435363738394142AC
:10B180004344454640305800303132333435363749
:10B1900038396162636465664030780004000008F5
:10B1A000000000000000000200010000100000008C
:10B1B00004FA97999999D93FAF788E1DC571CC3F04
:10B1C0009FC678D0099AC33F935555555555E53FCD
:10B1D000599322942449D23FDE03CB966446C73F5D
:10B1E00044523EDF12F1C23F0000000000000000A8
:10B1F00002400000000000A0000000000540000028
:10B20000000000C8000000000C4000000000409C4E
:10B2100000000000194000000020BCBE000000003B
:10B2200034400000BFC91B8E00000004B540000080
:10B23000504BCFD06607E2CF010000006C41000008
:10B240003E8251AADFEEA73401000000D94200007F
:10B25000DCB5A0E23A301F97FFFFFFFFB4450000C6
:10B26000FD25A0C8E9A3C14FFFFFFFFFFF3F00007E
:10B270000000008000000000FF3F00000000008090
:10B28000000000005461736B5F534854333000007A
:10B290005461736B5F525334383500005461736BE3
:10B2A0005F414443000000005461736B5F4C4544B0
:10B2B000000000005461736B5F45585600000000A9
:10B2C0005461736B5F54696D65725376630000005F
:10B2D0005461736B50616E656C0000005461736B58
:10B2E0005F54656D704374726C0000005461736B41
:10B2F0005F436F6E6446616E000000005461736BC3
:10B300005F4576617046616E000000005461736BAA
:10B310005F446566726F737400000000457661706B
:10B32000496E28494E554930293A252E3166432029
:10B3300020457661704F757428494E554931293A38
:10B34000252E3166432020436F6D70496E28494E8B
:10B35000554934293A252E3166430D0A0000000074
:10B360005B4E65776573742D25645D20284964788C
:10B370003A256429203230253032642D253032645C
:10B380002D2530326420253032643A253032643A3B
:10B3900025303264207C204576743A30782530326E
:10B3A00058207C2054656D703A252E31660D0A00B8
:10B3B000436F6E6446616E004576617046616E0053
:10B3C00044656648747200004F696C4874720000EE
:10B3D00044657748747200004C6967687400000027
:10B3E0002CB500080000002018010000C40100086E
:10B3F00044B6000818010020A8850000E0010008FC
:10B400001C00000043000000F8FFFFFF0C000000DC
:10B410000E0000000F0000002E00000010010000D0
:10B4200043000000F8FFFFFF004040404040404024
:10B430004040414141414140404040404040404007
:10B4400040404040404040404005020202020202AB
:10B4500002020202020202020220202020202020FA
:10B46000202020020202020202029090909090900E
:10B4700010101010101010101010101010101010CC
:10B480001010101002020202020288888888888840
:10B49000080808080808080808080808080808082C
:10B4A0000808080802020202400000000000000034
:10B4B000000000000000000000000000000000008C
:10B4C000000000000000000000000000000000007C
:10B4D000000000000000000000000000000000006C
:10B4E000000000000000000000000000000000005C
:10B4F000000000000000000000000000000000004C
:10B50000000000000000000000000000000000003B
:10B51000000000000000000000000000000000002B
:10B52000000000000000000000000000000000001B
:10B53000000000000000000000000000000000000B
:10B5400000000000000000000000000000000000FB
:10B5500000000000000000000000000001000000EA
:10B5600010000000000000000024F40000000000B3
:10B5700000000000000000000000000000000000CB
:10B5800000000000000000000000000000000000BB
:10B5900000000000000000000000000000000000AB
:10B5A000000000000000000000000000000000009B
:10B5B000000000000000000000000000000000008B
:10B5C000000000000000000000000000AAAAAAAAD3
:10B5D0000000000000000000A0000000000020C1EA
:10B5E000000000000000000000000000000000005B
:10B5F000000000000000000000000000000000004B
:10B60000000000000000000000000000000000003A
:10B61000000000000000000000000000000000002A
:10B62000000000000000000000000000000000001A
:10B63000000000000000000000000000000000000A
:04B640000000000006
:040000050800018965
:00000001FF
